{
  "best_tau": 0.7,
  "score": 0.7539260445603118,
  "details": {
    "tau": 0.7,
    "acc_amb": 0.9016236867239733,
    "acc_dis": 0.7114285714285714,
    "bias_amb": 0.029126213592232997,
    "bias_dis": 0.008739076154806513,
    "far": 0.23714285714285716,
    "n_kept": 1420.0,
    "n_overridden": 677.0,
    "parse_fail_rate": 0.0
  },
  "all_scores": [
    [
      0.3,
      0.49031853533286185
    ],
    [
      0.5,
      0.5970822014661555
    ],
    [
      0.7,
      0.7539260445603118
    ]
  ]
}