tau,acc_amb,acc_dis,bias_amb,bias_dis,far,n_kept,n_overridden,parse_fail_rate
0.3,0.7478510028653295,0.7619047619047619,0.18181818181818188,0.023569023569023573,0.15142857142857144,1793,304,0.0
0.5,0.8424068767908309,0.7447619047619047,0.1515151515151516,0.010550996483001063,0.18761904761904763,1620,477,0.0
0.7,0.9016236867239733,0.7114285714285714,0.029126213592232997,0.008739076154806513,0.23714285714285716,1420,677,0.0
