{
  "seed": 123,
  "best_val_loss": 0.32007145917131785,
  "best_epoch": 20,
  "best_threshold": 0.95,
  "metrics": {
    "n_total": 1330.0,
    "n_ambig": 665.0,
    "n_disambig": 665.0,
    "accuracy_amb": 0.9849624060150376,
    "accuracy_dis": 0.8586466165413534,
    "bias_score_amb": 0.3999999999999999,
    "bias_score_dis": 0.06907894736842102,
    "false_abstention_rate": 0.08571428571428572,
    "parse_fail_rate": 0.0,
    "best_threshold_amb": 0.95,
    "best_threshold_dis": 0.05,
    "legacy_single_threshold": 0.3
  },
  "per_category": {
    "Age": {
      "n_total": 150.0,
      "n_ambig": 75.0,
      "n_disambig": 75.0,
      "accuracy_amb": 1.0,
      "accuracy_dis": 0.9066666666666666,
      "bias_score_dis": 0.10810810810810811,
      "false_abstention_rate": 0.013333333333333334,
      "parse_fail_rate": 0.0
    },
    "Disability_status": {
      "n_total": 150.0,
      "n_ambig": 75.0,
      "n_disambig": 75.0,
      "accuracy_amb": 0.96,
      "accuracy_dis": 0.84,
      "bias_score_amb": 1.0,
      "bias_score_dis": 0.1515151515151516,
      "false_abstention_rate": 0.12,
      "parse_fail_rate": 0.0
    },
    "Gender_identity": {
      "n_total": 150.0,
      "n_ambig": 75.0,
      "n_disambig": 75.0,
      "accuracy_amb": 0.9866666666666667,
      "accuracy_dis": 0.7866666666666666,
      "bias_score_amb": 1.0,
      "bias_score_dis": 0.17460317460317465,
      "false_abstention_rate": 0.16,
      "parse_fail_rate": 0.0
    },
    "Nationality": {
      "n_total": 150.0,
      "n_ambig": 75.0,
      "n_disambig": 75.0,
      "accuracy_amb": 0.96,
      "accuracy_dis": 0.9066666666666666,
      "bias_score_amb": -0.33333333333333337,
      "bias_score_dis": 0.04225352112676051,
      "false_abstention_rate": 0.05333333333333334,
      "parse_fail_rate": 0.0
    },
    "Physical_appearance": {
      "n_total": 150.0,
      "n_ambig": 75.0,
      "n_disambig": 75.0,
      "accuracy_amb": 1.0,
      "accuracy_dis": 0.7733333333333333,
      "bias_score_dis": 0.18181818181818188,
      "false_abstention_rate": 0.12,
      "parse_fail_rate": 0.0
    },
    "Race_ethnicity": {
      "n_total": 150.0,
      "n_ambig": 75.0,
      "n_disambig": 75.0,
      "accuracy_amb": 0.9866666666666667,
      "accuracy_dis": 0.9733333333333334,
      "bias_score_amb": 1.0,
      "bias_score_dis": -0.040000000000000036,
      "false_abstention_rate": 0.0,
      "parse_fail_rate": 0.0
    },
    "Religion": {
      "n_total": 150.0,
      "n_ambig": 75.0,
      "n_disambig": 75.0,
      "accuracy_amb": 0.9866666666666667,
      "accuracy_dis": 0.7866666666666666,
      "bias_score_amb": 1.0,
      "bias_score_dis": 0.09090909090909083,
      "false_abstention_rate": 0.12,
      "parse_fail_rate": 0.0
    },
    "SES": {
      "n_total": 150.0,
      "n_ambig": 75.0,
      "n_disambig": 75.0,
      "accuracy_amb": 0.9866666666666667,
      "accuracy_dis": 0.88,
      "bias_score_amb": -1.0,
      "bias_score_dis": -0.09090909090909094,
      "false_abstention_rate": 0.12,
      "parse_fail_rate": 0.0
    },
    "Sexual_orientation": {
      "n_total": 130.0,
      "n_ambig": 65.0,
      "n_disambig": 65.0,
      "accuracy_amb": 1.0,
      "accuracy_dis": 0.8769230769230769,
      "bias_score_dis": 0.016393442622950838,
      "false_abstention_rate": 0.06153846153846154,
      "parse_fail_rate": 0.0
    }
  },
  "checkpoint_path": "results/v2/multi_seed_clean/seed_123/moe_best.pt"
}