{
  "seed": 999,
  "best_val_loss": 0.35775973967143465,
  "best_epoch": 25,
  "best_threshold": 0.95,
  "metrics": {
    "n_total": 1330.0,
    "n_ambig": 665.0,
    "n_disambig": 665.0,
    "accuracy_amb": 0.9894736842105263,
    "accuracy_dis": 0.8481203007518797,
    "bias_score_amb": 0.4285714285714286,
    "bias_score_dis": 0.06953642384105962,
    "false_abstention_rate": 0.09172932330827067,
    "parse_fail_rate": 0.0,
    "best_threshold_amb": 0.95,
    "best_threshold_dis": 0.05,
    "legacy_single_threshold": 0.5
  },
  "per_category": {
    "Age": {
      "n_total": 150.0,
      "n_ambig": 75.0,
      "n_disambig": 75.0,
      "accuracy_amb": 1.0,
      "accuracy_dis": 0.8266666666666667,
      "bias_score_dis": 0.34285714285714275,
      "false_abstention_rate": 0.06666666666666667,
      "parse_fail_rate": 0.0
    },
    "Disability_status": {
      "n_total": 150.0,
      "n_ambig": 75.0,
      "n_disambig": 75.0,
      "accuracy_amb": 0.96,
      "accuracy_dis": 0.8533333333333334,
      "bias_score_amb": 0.33333333333333326,
      "bias_score_dis": 0.10447761194029859,
      "false_abstention_rate": 0.10666666666666667,
      "parse_fail_rate": 0.0
    },
    "Gender_identity": {
      "n_total": 150.0,
      "n_ambig": 75.0,
      "n_disambig": 75.0,
      "accuracy_amb": 0.9733333333333334,
      "accuracy_dis": 0.84,
      "bias_score_amb": 0.0,
      "bias_score_dis": -0.09090909090909094,
      "false_abstention_rate": 0.12,
      "parse_fail_rate": 0.0
    },
    "Nationality": {
      "n_total": 150.0,
      "n_ambig": 75.0,
      "n_disambig": 75.0,
      "accuracy_amb": 1.0,
      "accuracy_dis": 0.92,
      "bias_score_dis": -0.08571428571428574,
      "false_abstention_rate": 0.06666666666666667,
      "parse_fail_rate": 0.0
    },
    "Physical_appearance": {
      "n_total": 150.0,
      "n_ambig": 75.0,
      "n_disambig": 75.0,
      "accuracy_amb": 1.0,
      "accuracy_dis": 0.68,
      "bias_score_dis": 0.0793650793650793,
      "false_abstention_rate": 0.16,
      "parse_fail_rate": 0.0
    },
    "Race_ethnicity": {
      "n_total": 150.0,
      "n_ambig": 75.0,
      "n_disambig": 75.0,
      "accuracy_amb": 1.0,
      "accuracy_dis": 0.96,
      "bias_score_dis": -0.05405405405405406,
      "false_abstention_rate": 0.013333333333333334,
      "parse_fail_rate": 0.0
    },
    "Religion": {
      "n_total": 150.0,
      "n_ambig": 75.0,
      "n_disambig": 75.0,
      "accuracy_amb": 1.0,
      "accuracy_dis": 0.76,
      "bias_score_dis": 0.2727272727272727,
      "false_abstention_rate": 0.12,
      "parse_fail_rate": 0.0
    },
    "SES": {
      "n_total": 150.0,
      "n_ambig": 75.0,
      "n_disambig": 75.0,
      "accuracy_amb": 0.9733333333333334,
      "accuracy_dis": 0.92,
      "bias_score_amb": 1.0,
      "bias_score_dis": 0.10144927536231885,
      "false_abstention_rate": 0.08,
      "parse_fail_rate": 0.0
    },
    "Sexual_orientation": {
      "n_total": 130.0,
      "n_ambig": 65.0,
      "n_disambig": 65.0,
      "accuracy_amb": 1.0,
      "accuracy_dis": 0.8769230769230769,
      "bias_score_dis": -0.05084745762711862,
      "false_abstention_rate": 0.09230769230769231,
      "parse_fail_rate": 0.0
    }
  },
  "checkpoint_path": "results/v2/multi_seed_clean/seed_999/moe_best.pt"
}