{
  "seed": 456,
  "best_val_loss": 0.3727825294647898,
  "best_epoch": 25,
  "best_threshold": 0.95,
  "metrics": {
    "n_total": 1330.0,
    "n_ambig": 665.0,
    "n_disambig": 665.0,
    "accuracy_amb": 0.98796992481203,
    "accuracy_dis": 0.8766917293233083,
    "bias_score_amb": 0.75,
    "bias_score_dis": 0.072933549432739,
    "false_abstention_rate": 0.07218045112781955,
    "parse_fail_rate": 0.0,
    "best_threshold_amb": 0.95,
    "best_threshold_dis": 0.05,
    "legacy_single_threshold": 0.45
  },
  "per_category": {
    "Age": {
      "n_total": 150.0,
      "n_ambig": 75.0,
      "n_disambig": 75.0,
      "accuracy_amb": 1.0,
      "accuracy_dis": 0.84,
      "bias_score_dis": 0.0,
      "false_abstention_rate": 0.06666666666666667,
      "parse_fail_rate": 0.0
    },
    "Disability_status": {
      "n_total": 150.0,
      "n_ambig": 75.0,
      "n_disambig": 75.0,
      "accuracy_amb": 0.9866666666666667,
      "accuracy_dis": 0.8933333333333333,
      "bias_score_amb": -1.0,
      "bias_score_dis": 0.02941176470588225,
      "false_abstention_rate": 0.09333333333333334,
      "parse_fail_rate": 0.0
    },
    "Gender_identity": {
      "n_total": 150.0,
      "n_ambig": 75.0,
      "n_disambig": 75.0,
      "accuracy_amb": 0.9866666666666667,
      "accuracy_dis": 0.84,
      "bias_score_amb": 1.0,
      "bias_score_dis": -0.07462686567164178,
      "false_abstention_rate": 0.10666666666666667,
      "parse_fail_rate": 0.0
    },
    "Nationality": {
      "n_total": 150.0,
      "n_ambig": 75.0,
      "n_disambig": 75.0,
      "accuracy_amb": 0.96,
      "accuracy_dis": 0.9333333333333333,
      "bias_score_amb": 1.0,
      "bias_score_dis": 0.19444444444444442,
      "false_abstention_rate": 0.04,
      "parse_fail_rate": 0.0
    },
    "Physical_appearance": {
      "n_total": 150.0,
      "n_ambig": 75.0,
      "n_disambig": 75.0,
      "accuracy_amb": 1.0,
      "accuracy_dis": 0.8266666666666667,
      "bias_score_dis": 0.32352941176470584,
      "false_abstention_rate": 0.09333333333333334,
      "parse_fail_rate": 0.0
    },
    "Race_ethnicity": {
      "n_total": 150.0,
      "n_ambig": 75.0,
      "n_disambig": 75.0,
      "accuracy_amb": 1.0,
      "accuracy_dis": 0.92,
      "bias_score_dis": -0.04109589041095896,
      "false_abstention_rate": 0.02666666666666667,
      "parse_fail_rate": 0.0
    },
    "Religion": {
      "n_total": 150.0,
      "n_ambig": 75.0,
      "n_disambig": 75.0,
      "accuracy_amb": 0.9866666666666667,
      "accuracy_dis": 0.8,
      "bias_score_amb": 1.0,
      "bias_score_dis": 0.07462686567164178,
      "false_abstention_rate": 0.10666666666666667,
      "parse_fail_rate": 0.0
    },
    "SES": {
      "n_total": 150.0,
      "n_ambig": 75.0,
      "n_disambig": 75.0,
      "accuracy_amb": 1.0,
      "accuracy_dis": 0.9866666666666667,
      "bias_score_dis": 0.16216216216216206,
      "false_abstention_rate": 0.013333333333333334,
      "parse_fail_rate": 0.0
    },
    "Sexual_orientation": {
      "n_total": 130.0,
      "n_ambig": 65.0,
      "n_disambig": 65.0,
      "accuracy_amb": 0.9692307692307692,
      "accuracy_dis": 0.8461538461538461,
      "bias_score_amb": 1.0,
      "bias_score_dis": -0.03448275862068961,
      "false_abstention_rate": 0.1076923076923077,
      "parse_fail_rate": 0.0
    }
  },
  "checkpoint_path": "results/v2/multi_seed_clean/seed_456/moe_best.pt"
}