{
  "threshold": 0.45,
  "thresholds_per_condition": {
    "ambig": 0.85,
    "disambig": 0.05
  },
  "metrics": {
    "n_total": 900,
    "n_ambig": 450,
    "n_disambig": 450,
    "accuracy_amb": 1.0,
    "accuracy_dis": 0.8666666666666667,
    "bias_score_amb": null,
    "bias_score_dis": 0.15180722891566267,
    "false_abstention_rate": 0.07777777777777778,
    "parse_fail_rate": 0.0
  },
  "metrics_single_tau": {
    "n_total": 900,
    "n_ambig": 450,
    "n_disambig": 450,
    "accuracy_amb": 0.8777777777777778,
    "accuracy_dis": 0.8311111111111111,
    "bias_score_amb": -0.018181818181818188,
    "bias_score_dis": 0.1594936708860759,
    "false_abstention_rate": 0.12222222222222222,
    "parse_fail_rate": 0.0
  },
  "metrics_per_condition": {
    "n_total": 900,
    "n_ambig": 450,
    "n_disambig": 450,
    "accuracy_amb": 1.0,
    "accuracy_dis": 0.8666666666666667,
    "bias_score_amb": null,
    "bias_score_dis": 0.15180722891566267,
    "false_abstention_rate": 0.07777777777777778,
    "parse_fail_rate": 0.0
  },
  "n_predictions": 900,
  "per_condition_search": {
    "combined_score": 0.9333333333333333,
    "ambig_scores": {
      "0.050": 0.58,
      "0.075": 0.58,
      "0.100": 0.5822222222222222,
      "0.125": 0.5866666666666667,
      "0.150": 0.5888888888888889,
      "0.175": 0.6044444444444445,
      "0.200": 0.6222222222222222,
      "0.225": 0.6422222222222222,
      "0.250": 0.6711111111111111,
      "0.275": 0.6977777777777778,
      "0.300": 0.7266666666666667,
      "0.325": 0.7555555555555555,
      "0.350": 0.7777777777777778,
      "0.375": 0.8088888888888889,
      "0.400": 0.8377777777777777,
      "0.425": 0.8577777777777778,
      "0.450": 0.8777777777777778,
      "0.475": 0.8888888888888888,
      "0.500": 0.9022222222222223,
      "0.525": 0.9266666666666666,
      "0.550": 0.9444444444444444,
      "0.575": 0.9533333333333334,
      "0.600": 0.9577777777777777,
      "0.625": 0.9666666666666667,
      "0.650": 0.9688888888888889,
      "0.675": 0.9755555555555555,
      "0.700": 0.9822222222222222,
      "0.725": 0.9888888888888889,
      "0.750": 0.9955555555555555,
      "0.775": 0.9977777777777778,
      "0.800": 0.9977777777777778,
      "0.825": 0.9977777777777778,
      "0.850": 1.0,
      "0.875": 1.0,
      "0.900": 1.0,
      "0.925": 1.0,
      "0.950": 1.0
    },
    "disambig_scores": {
      "0.050": 0.8666666666666667,
      "0.075": 0.8666666666666667,
      "0.100": 0.8666666666666667,
      "0.125": 0.8666666666666667,
      "0.150": 0.8666666666666667,
      "0.175": 0.8666666666666667,
      "0.200": 0.8666666666666667,
      "0.225": 0.8666666666666667,
      "0.250": 0.8666666666666667,
      "0.275": 0.8666666666666667,
      "0.300": 0.8622222222222222,
      "0.325": 0.8577777777777778,
      "0.350": 0.8511111111111112,
      "0.375": 0.8488888888888889,
      "0.400": 0.8488888888888889,
      "0.425": 0.8444444444444444,
      "0.450": 0.8311111111111111,
      "0.475": 0.8133333333333334,
      "0.500": 0.8066666666666666,
      "0.525": 0.78,
      "0.550": 0.7488888888888889,
      "0.575": 0.7155555555555555,
      "0.600": 0.6911111111111111,
      "0.625": 0.66,
      "0.650": 0.6111111111111112,
      "0.675": 0.5644444444444444,
      "0.700": 0.5133333333333333,
      "0.725": 0.4288888888888889,
      "0.750": 0.37777777777777777,
      "0.775": 0.3511111111111111,
      "0.800": 0.28444444444444444,
      "0.825": 0.21555555555555556,
      "0.850": 0.16,
      "0.875": 0.09333333333333334,
      "0.900": 0.042222222222222223,
      "0.925": 0.006666666666666667,
      "0.950": 0.0
    }
  }
}