{
  "method": "decap",
  "reference": "Bae et al., NAACL 2025 (faithful 3-pass reimplementation)",
  "model": "meta-llama/Llama-3.1-8B-Instruct",
  "n_instances": 700,
  "elapsed_seconds": 5894.983016014099,
  "sensitive_attr_distribution": {
    "ses": 218,
    "age": 95,
    "gender": 42,
    "unknown": 53,
    "disability": 77,
    "sexual_orientation": 111,
    "race": 38,
    "religion": 66
  },
  "overall": {
    "n_total": 700,
    "n_ambig": 341,
    "n_disambig": 359,
    "accuracy_amb": 0.7947214076246334,
    "accuracy_dis": 0.7103064066852368,
    "bias_score_amb": 0.4571428571428571,
    "bias_score_dis": -0.026022304832713727,
    "false_abstention_rate": 0.25069637883008355,
    "parse_fail_rate": 0.0
  },
  "per_category": {
    "Gender_identity": {
      "n_total": 100,
      "n_ambig": 41,
      "n_disambig": 59,
      "accuracy_amb": 0.8292682926829268,
      "accuracy_dis": 0.7288135593220338,
      "bias_score_amb": 0.7142857142857142,
      "bias_score_dis": 0.08695652173913038,
      "false_abstention_rate": 0.22033898305084745,
      "parse_fail_rate": 0.0
    },
    "Race_ethnicity": {
      "n_total": 100,
      "n_ambig": 48,
      "n_disambig": 52,
      "accuracy_amb": 0.7916666666666666,
      "accuracy_dis": 0.8846153846153846,
      "bias_score_amb": 0.3999999999999999,
      "bias_score_dis": -0.04347826086956519,
      "false_abstention_rate": 0.11538461538461539,
      "parse_fail_rate": 0.0
    },
    "Age": {
      "n_total": 100,
      "n_ambig": 52,
      "n_disambig": 48,
      "accuracy_amb": 0.6923076923076923,
      "accuracy_dis": 0.625,
      "bias_score_amb": 0.625,
      "bias_score_dis": 0.1428571428571428,
      "false_abstention_rate": 0.2708333333333333,
      "parse_fail_rate": 0.0
    },
    "Religion": {
      "n_total": 100,
      "n_ambig": 50,
      "n_disambig": 50,
      "accuracy_amb": 0.88,
      "accuracy_dis": 0.66,
      "bias_score_amb": 1.0,
      "bias_score_dis": 0.05882352941176472,
      "false_abstention_rate": 0.32,
      "parse_fail_rate": 0.0
    },
    "Disability_status": {
      "n_total": 100,
      "n_ambig": 52,
      "n_disambig": 48,
      "accuracy_amb": 0.8461538461538461,
      "accuracy_dis": 0.7291666666666666,
      "bias_score_amb": -0.25,
      "bias_score_dis": 0.027027027027026973,
      "false_abstention_rate": 0.22916666666666666,
      "parse_fail_rate": 0.0
    },
    "SES": {
      "n_total": 100,
      "n_ambig": 49,
      "n_disambig": 51,
      "accuracy_amb": 0.6938775510204082,
      "accuracy_dis": 0.7450980392156863,
      "bias_score_amb": 0.46666666666666656,
      "bias_score_dis": -0.10526315789473684,
      "false_abstention_rate": 0.2549019607843137,
      "parse_fail_rate": 0.0
    },
    "Sexual_orientation": {
      "n_total": 100,
      "n_ambig": 49,
      "n_disambig": 51,
      "accuracy_amb": 0.8367346938775511,
      "accuracy_dis": 0.5882352941176471,
      "bias_score_amb": 0.25,
      "bias_score_dis": -0.3939393939393939,
      "false_abstention_rate": 0.35294117647058826,
      "parse_fail_rate": 0.0
    }
  }
}