{
  "threshold": 0.3,
  "thresholds_per_condition": {
    "ambig": 0.95,
    "disambig": 0.05
  },
  "metrics": {
    "n_total": 1328,
    "n_ambig": 664,
    "n_disambig": 664,
    "accuracy_amb": 0.9939759036144579,
    "accuracy_dis": 0.7996987951807228,
    "bias_score_amb": 1.0,
    "bias_score_dis": 0.0573012939001849,
    "false_abstention_rate": 0.1852409638554217,
    "parse_fail_rate": 0.0
  },
  "metrics_single_tau": {
    "n_total": 1328,
    "n_ambig": 664,
    "n_disambig": 664,
    "accuracy_amb": 0.9894578313253012,
    "accuracy_dis": 0.7816265060240963,
    "bias_score_amb": 0.7142857142857142,
    "bias_score_dis": 0.06285714285714294,
    "false_abstention_rate": 0.20933734939759036,
    "parse_fail_rate": 0.0
  },
  "metrics_per_condition": {
    "n_total": 1328,
    "n_ambig": 664,
    "n_disambig": 664,
    "accuracy_amb": 0.9939759036144579,
    "accuracy_dis": 0.7996987951807228,
    "bias_score_amb": 1.0,
    "bias_score_dis": 0.0573012939001849,
    "false_abstention_rate": 0.1852409638554217,
    "parse_fail_rate": 0.0
  },
  "n_predictions": 1328,
  "per_condition_search": {
    "combined_score": 0.9057562076749435,
    "ambig_scores": {
      "0.050": 0.9830699774266366,
      "0.075": 0.9830699774266366,
      "0.100": 0.9853273137697517,
      "0.125": 0.9864559819413092,
      "0.150": 0.9864559819413092,
      "0.175": 0.9864559819413092,
      "0.200": 0.9864559819413092,
      "0.225": 0.9864559819413092,
      "0.250": 0.9875846501128668,
      "0.275": 0.9875846501128668,
      "0.300": 0.9875846501128668,
      "0.325": 0.9875846501128668,
      "0.350": 0.9875846501128668,
      "0.375": 0.9875846501128668,
      "0.400": 0.9875846501128668,
      "0.425": 0.9875846501128668,
      "0.450": 0.9875846501128668,
      "0.475": 0.9875846501128668,
      "0.500": 0.9875846501128668,
      "0.525": 0.9875846501128668,
      "0.550": 0.9875846501128668,
      "0.575": 0.9875846501128668,
      "0.600": 0.9875846501128668,
      "0.625": 0.9875846501128668,
      "0.650": 0.9875846501128668,
      "0.675": 0.9875846501128668,
      "0.700": 0.9887133182844243,
      "0.725": 0.9887133182844243,
      "0.750": 0.989841986455982,
      "0.775": 0.989841986455982,
      "0.800": 0.9909706546275395,
      "0.825": 0.9909706546275395,
      "0.850": 0.9920993227990971,
      "0.875": 0.9932279909706546,
      "0.900": 0.9932279909706546,
      "0.925": 0.9943566591422122,
      "0.950": 0.9954853273137697
    },
    "disambig_scores": {
      "0.050": 0.8160270880361173,
      "0.075": 0.8160270880361173,
      "0.100": 0.8148984198645598,
      "0.125": 0.8126410835214447,
      "0.150": 0.8103837471783296,
      "0.175": 0.8069977426636569,
      "0.200": 0.8069977426636569,
      "0.225": 0.8058690744920993,
      "0.250": 0.8047404063205418,
      "0.275": 0.8024830699774267,
      "0.300": 0.8002257336343115,
      "0.325": 0.7979683972911964,
      "0.350": 0.7957110609480813,
      "0.375": 0.7957110609480813,
      "0.400": 0.7934537246049661,
      "0.425": 0.7923250564334086,
      "0.450": 0.791196388261851,
      "0.475": 0.7878103837471784,
      "0.500": 0.7866817155756207,
      "0.525": 0.7855530474040632,
      "0.550": 0.7855530474040632,
      "0.575": 0.7832957110609481,
      "0.600": 0.781038374717833,
      "0.625": 0.7765237020316027,
      "0.650": 0.7742663656884876,
      "0.675": 0.7708803611738149,
      "0.700": 0.7686230248306998,
      "0.725": 0.7652370203160271,
      "0.750": 0.7595936794582393,
      "0.775": 0.7573363431151241,
      "0.800": 0.7528216704288939,
      "0.825": 0.7494356659142212,
      "0.850": 0.7381489841986456,
      "0.875": 0.7302483069977427,
      "0.900": 0.7155756207674944,
      "0.925": 0.7009029345372461,
      "0.950": 0.664785553047404
    }
  }
}