{
  "threshold": 0.3,
  "thresholds_per_condition": {
    "ambig": 0.95,
    "disambig": 0.05
  },
  "metrics": {
    "n_total": 1328,
    "n_ambig": 664,
    "n_disambig": 664,
    "accuracy_amb": 0.9924698795180723,
    "accuracy_dis": 0.7409638554216867,
    "bias_score_amb": 1.0,
    "bias_score_dis": 0.04214559386973171,
    "false_abstention_rate": 0.21385542168674698,
    "parse_fail_rate": 0.0007530120481927711
  },
  "metrics_single_tau": {
    "n_total": 1328,
    "n_ambig": 664,
    "n_disambig": 664,
    "accuracy_amb": 0.9713855421686747,
    "accuracy_dis": 0.7259036144578314,
    "bias_score_amb": 0.22222222222222232,
    "bias_score_dis": 0.035573122529644285,
    "false_abstention_rate": 0.23795180722891565,
    "parse_fail_rate": 0.0007530120481927711
  },
  "metrics_per_condition": {
    "n_total": 1328,
    "n_ambig": 664,
    "n_disambig": 664,
    "accuracy_amb": 0.9924698795180723,
    "accuracy_dis": 0.7409638554216867,
    "bias_score_amb": 1.0,
    "bias_score_dis": 0.04214559386973171,
    "false_abstention_rate": 0.21385542168674698,
    "parse_fail_rate": 0.0007530120481927711
  },
  "n_predictions": 1328,
  "per_condition_search": {
    "combined_score": 0.8848758465011286,
    "ambig_scores": {
      "0.050": 0.9525959367945824,
      "0.075": 0.9593679458239278,
      "0.100": 0.9672686230248307,
      "0.125": 0.9695259593679458,
      "0.150": 0.9729119638826185,
      "0.175": 0.9762979683972912,
      "0.200": 0.9762979683972912,
      "0.225": 0.9774266365688488,
      "0.250": 0.9774266365688488,
      "0.275": 0.981941309255079,
      "0.300": 0.981941309255079,
      "0.325": 0.9830699774266366,
      "0.350": 0.9841986455981941,
      "0.375": 0.9841986455981941,
      "0.400": 0.9853273137697517,
      "0.425": 0.9864559819413092,
      "0.450": 0.9875846501128668,
      "0.475": 0.9887133182844243,
      "0.500": 0.9887133182844243,
      "0.525": 0.9887133182844243,
      "0.550": 0.9887133182844243,
      "0.575": 0.9887133182844243,
      "0.600": 0.989841986455982,
      "0.625": 0.9909706546275395,
      "0.650": 0.9909706546275395,
      "0.675": 0.9909706546275395,
      "0.700": 0.9909706546275395,
      "0.725": 0.9909706546275395,
      "0.750": 0.9909706546275395,
      "0.775": 0.9920993227990971,
      "0.800": 0.9920993227990971,
      "0.825": 0.9932279909706546,
      "0.850": 0.9932279909706546,
      "0.875": 0.9932279909706546,
      "0.900": 0.9932279909706546,
      "0.925": 0.9932279909706546,
      "0.950": 0.9954853273137697
    },
    "disambig_scores": {
      "0.050": 0.7742663656884876,
      "0.075": 0.7731376975169301,
      "0.100": 0.7720090293453724,
      "0.125": 0.7697516930022573,
      "0.150": 0.7686230248306998,
      "0.175": 0.7674943566591422,
      "0.200": 0.7674943566591422,
      "0.225": 0.7663656884875847,
      "0.250": 0.7652370203160271,
      "0.275": 0.7652370203160271,
      "0.300": 0.7629796839729119,
      "0.325": 0.7618510158013544,
      "0.350": 0.7595936794582393,
      "0.375": 0.7562076749435666,
      "0.400": 0.7539503386004515,
      "0.425": 0.7505643340857788,
      "0.450": 0.7483069977426636,
      "0.475": 0.7460496613995485,
      "0.500": 0.7437923250564334,
      "0.525": 0.7415349887133182,
      "0.550": 0.7381489841986456,
      "0.575": 0.7279909706546276,
      "0.600": 0.7234762979683973,
      "0.625": 0.7212189616252822,
      "0.650": 0.7121896162528216,
      "0.675": 0.7065462753950339,
      "0.700": 0.698645598194131,
      "0.725": 0.6884875846501128,
      "0.750": 0.6794582392776524,
      "0.775": 0.6693002257336343,
      "0.800": 0.662528216704289,
      "0.825": 0.6557562076749436,
      "0.850": 0.6376975169300225,
      "0.875": 0.6275395033860045,
      "0.900": 0.6106094808126411,
      "0.925": 0.5835214446952596,
      "0.950": 0.5417607223476298
    }
  }
}