{
  "best_layer": 15,
  "criterion": "max s7_delta_loss",
  "row": {
    "layer": 15,
    "n_bias_features": 56,
    "s7_delta_loss": 0.015111863613128662,
    "full_val_loss": 0.9088205099105835,
    "no_s7_val_loss": 0.9239323735237122,
    "best_threshold": null,
    "accuracy_amb": 1.0,
    "accuracy_dis": 0.7777777777777778,
    "bias_score_amb": null,
    "false_abstention_rate": 0.1111111111111111
  }
}