{
  "method": "zero_shot_transfer_implicit_bbq",
  "model": "meta-llama/Llama-3.1-8B-Instruct",
  "moe_ckpt": "results/moe/main/moe_best.pt",
  "threshold": 0.5,
  "n_total": 450,
  "n_per_category": {
    "Age": 46,
    "Disability_status": 40,
    "Gender_identity": 48,
    "Nationality": 52,
    "Physical_appearance": 47,
    "Race_ethnicity": 51,
    "Religion": 55,
    "SES": 52,
    "Sexual_orientation": 59
  },
  "overall": {
    "n_total": 450,
    "n_ambig": 225,
    "n_disambig": 225,
    "accuracy_amb": 0.8444444444444444,
    "accuracy_dis": 0.6888888888888889,
    "bias_score_amb": 0.48571428571428577,
    "bias_score_dis": 0.17919075144508678,
    "false_abstention_rate": 0.2311111111111111,
    "parse_fail_rate": 0.0
  },
  "per_category": {
    "Age": {
      "n_total": 46,
      "n_ambig": 24,
      "n_disambig": 22,
      "accuracy_amb": 0.75,
      "accuracy_dis": 0.7272727272727273,
      "bias_score_amb": 0.6666666666666667,
      "bias_score_dis": 0.41176470588235303,
      "false_abstention_rate": 0.22727272727272727,
      "parse_fail_rate": 0.0
    },
    "Disability_status": {
      "n_total": 40,
      "n_ambig": 19,
      "n_disambig": 21,
      "accuracy_amb": 0.7894736842105263,
      "accuracy_dis": 0.7619047619047619,
      "bias_score_amb": 0.5,
      "bias_score_dis": 0.5,
      "false_abstention_rate": 0.23809523809523808,
      "parse_fail_rate": 0.0
    },
    "Gender_identity": {
      "n_total": 48,
      "n_ambig": 24,
      "n_disambig": 24,
      "accuracy_amb": 0.9166666666666666,
      "accuracy_dis": 0.7083333333333334,
      "bias_score_amb": 0.0,
      "bias_score_dis": -0.052631578947368474,
      "false_abstention_rate": 0.20833333333333334,
      "parse_fail_rate": 0.0
    },
    "Nationality": {
      "n_total": 52,
      "n_ambig": 23,
      "n_disambig": 29,
      "accuracy_amb": 0.7391304347826086,
      "accuracy_dis": 0.8620689655172413,
      "bias_score_amb": 0.33333333333333326,
      "bias_score_dis": 0.33333333333333326,
      "false_abstention_rate": 0.06896551724137931,
      "parse_fail_rate": 0.0
    },
    "Physical_appearance": {
      "n_total": 47,
      "n_ambig": 21,
      "n_disambig": 26,
      "accuracy_amb": 0.8095238095238095,
      "accuracy_dis": 0.6538461538461539,
      "bias_score_amb": 1.0,
      "bias_score_dis": 0.23809523809523814,
      "false_abstention_rate": 0.19230769230769232,
      "parse_fail_rate": 0.0
    },
    "Race_ethnicity": {
      "n_total": 51,
      "n_ambig": 28,
      "n_disambig": 23,
      "accuracy_amb": 1.0,
      "accuracy_dis": 0.7391304347826086,
      "bias_score_amb": null,
      "bias_score_dis": 0.6000000000000001,
      "false_abstention_rate": 0.13043478260869565,
      "parse_fail_rate": 0.0
    },
    "Religion": {
      "n_total": 55,
      "n_ambig": 34,
      "n_disambig": 21,
      "accuracy_amb": 0.8529411764705882,
      "accuracy_dis": 0.38095238095238093,
      "bias_score_amb": 0.6000000000000001,
      "bias_score_dis": 0.2727272727272727,
      "false_abstention_rate": 0.47619047619047616,
      "parse_fail_rate": 0.0
    },
    "SES": {
      "n_total": 52,
      "n_ambig": 23,
      "n_disambig": 29,
      "accuracy_amb": 0.7391304347826086,
      "accuracy_dis": 0.8620689655172413,
      "bias_score_amb": 0.33333333333333326,
      "bias_score_dis": -0.040000000000000036,
      "false_abstention_rate": 0.13793103448275862,
      "parse_fail_rate": 0.0
    },
    "Sexual_orientation": {
      "n_total": 59,
      "n_ambig": 29,
      "n_disambig": 30,
      "accuracy_amb": 0.9310344827586207,
      "accuracy_dis": 0.4666666666666667,
      "bias_score_amb": 0.0,
      "bias_score_dis": -0.6470588235294117,
      "false_abstention_rate": 0.43333333333333335,
      "parse_fail_rate": 0.0
    }
  },
  "routing_avg_per_category": {
    "Age": [
      0.3006286919116974,
      0.21274340152740479,
      0.22492989897727966,
      0.2616979479789734
    ],
    "Disability_status": [
      0.23489943146705627,
      0.22566697001457214,
      0.2597403824329376,
      0.2796931564807892
    ],
    "Gender_identity": [
      0.2585459053516388,
      0.23718352615833282,
      0.2455594539642334,
      0.2587110996246338
    ],
    "Nationality": [
      0.2194393277168274,
      0.26460593938827515,
      0.26296666264533997,
      0.25298798084259033
    ],
    "Physical_appearance": [
      0.18183456361293793,
      0.25275054574012756,
      0.2829672694206238,
      0.2824475169181824
    ],
    "Race_ethnicity": [
      0.21123653650283813,
      0.2646183371543884,
      0.2696587145328522,
      0.25448641180992126
    ],
    "Religion": [
      0.2324456125497818,
      0.2856464087963104,
      0.2519816756248474,
      0.22992631793022156
    ],
    "SES": [
      0.22053691744804382,
      0.23328270018100739,
      0.2624209523200989,
      0.2837594151496887
    ],
    "Sexual_orientation": [
      0.23097659647464752,
      0.23634018003940582,
      0.2710295021533966,
      0.26165375113487244
    ]
  },
  "cluster_names": [
    "Lex-Sub",
    "Numeric",
    "Cultural",
    "Identity"
  ]
}