category,n_total,n_ambig,n_disambig,accuracy_amb,accuracy_dis,bias_score_amb,bias_score_dis,false_abstention_rate,parse_fail_rate
Age,46,24,22,0.75,0.7272727272727273,0.6666666666666667,0.41176470588235303,0.22727272727272727,0.0
Disability_status,40,19,21,0.7894736842105263,0.7619047619047619,0.5,0.5,0.23809523809523808,0.0
Gender_identity,48,24,24,0.9166666666666666,0.7083333333333334,0.0,-0.052631578947368474,0.20833333333333334,0.0
Nationality,52,23,29,0.7391304347826086,0.8620689655172413,0.33333333333333326,0.33333333333333326,0.06896551724137931,0.0
Physical_appearance,47,21,26,0.8095238095238095,0.6538461538461539,1.0,0.23809523809523814,0.19230769230769232,0.0
Race_ethnicity,51,28,23,1.0,0.7391304347826086,,0.6000000000000001,0.13043478260869565,0.0
Religion,55,34,21,0.8529411764705882,0.38095238095238093,0.6000000000000001,0.2727272727272727,0.47619047619047616,0.0
SES,52,23,29,0.7391304347826086,0.8620689655172413,0.33333333333333326,-0.040000000000000036,0.13793103448275862,0.0
Sexual_orientation,59,29,30,0.9310344827586207,0.4666666666666667,0.0,-0.6470588235294117,0.43333333333333335,0.0
