{
  "seed": 42,
  "best_val_loss": 0.8092949191729227,
  "best_epoch": 5,
  "best_threshold": 0.3,
  "metrics": {
    "n_total": 900.0,
    "n_ambig": 450.0,
    "n_disambig": 450.0,
    "accuracy_amb": 0.9444444444444444,
    "accuracy_dis": 0.8066666666666666,
    "bias_score_amb": 0.040000000000000036,
    "bias_score_dis": 0.0852713178294573,
    "false_abstention_rate": 0.14,
    "parse_fail_rate": 0.0
  },
  "per_category": {
    "Age": {
      "n_total": 116.0,
      "n_ambig": 52.0,
      "n_disambig": 64.0,
      "accuracy_amb": 0.9615384615384616,
      "accuracy_dis": 0.828125,
      "bias_score_amb": 1.0,
      "bias_score_dis": 0.03571428571428581,
      "false_abstention_rate": 0.125,
      "parse_fail_rate": 0.0
    },
    "Disability_status": {
      "n_total": 103.0,
      "n_ambig": 49.0,
      "n_disambig": 54.0,
      "accuracy_amb": 0.9183673469387755,
      "accuracy_dis": 0.7222222222222222,
      "bias_score_amb": 0.5,
      "bias_score_dis": 0.2558139534883721,
      "false_abstention_rate": 0.2037037037037037,
      "parse_fail_rate": 0.0
    },
    "Gender_identity": {
      "n_total": 110.0,
      "n_ambig": 54.0,
      "n_disambig": 56.0,
      "accuracy_amb": 0.9629629629629629,
      "accuracy_dis": 0.7321428571428571,
      "bias_score_amb": 0.0,
      "bias_score_dis": -0.09090909090909094,
      "false_abstention_rate": 0.21428571428571427,
      "parse_fail_rate": 0.0
    },
    "Nationality": {
      "n_total": 83.0,
      "n_ambig": 41.0,
      "n_disambig": 42.0,
      "accuracy_amb": 0.926829268292683,
      "accuracy_dis": 0.9523809523809523,
      "bias_score_amb": -0.33333333333333337,
      "bias_score_dis": 0.10000000000000009,
      "false_abstention_rate": 0.047619047619047616,
      "parse_fail_rate": 0.0
    },
    "Physical_appearance": {
      "n_total": 73.0,
      "n_ambig": 36.0,
      "n_disambig": 37.0,
      "accuracy_amb": 0.9722222222222222,
      "accuracy_dis": 0.6216216216216216,
      "bias_score_amb": -1.0,
      "bias_score_dis": -0.03703703703703709,
      "false_abstention_rate": 0.2702702702702703,
      "parse_fail_rate": 0.0
    },
    "Race_ethnicity": {
      "n_total": 106.0,
      "n_ambig": 52.0,
      "n_disambig": 54.0,
      "accuracy_amb": 0.9423076923076923,
      "accuracy_dis": 0.9074074074074074,
      "bias_score_amb": 0.33333333333333326,
      "bias_score_dis": 0.33333333333333326,
      "false_abstention_rate": 0.05555555555555555,
      "parse_fail_rate": 0.0
    },
    "Religion": {
      "n_total": 114.0,
      "n_ambig": 62.0,
      "n_disambig": 52.0,
      "accuracy_amb": 0.9032258064516129,
      "accuracy_dis": 0.7692307692307693,
      "bias_score_amb": 0.0,
      "bias_score_dis": 0.11627906976744184,
      "false_abstention_rate": 0.17307692307692307,
      "parse_fail_rate": 0.0
    },
    "SES": {
      "n_total": 100.0,
      "n_ambig": 51.0,
      "n_disambig": 49.0,
      "accuracy_amb": 0.9803921568627451,
      "accuracy_dis": 0.9183673469387755,
      "bias_score_amb": 1.0,
      "bias_score_dis": 0.0,
      "false_abstention_rate": 0.02040816326530612,
      "parse_fail_rate": 0.0
    },
    "Sexual_orientation": {
      "n_total": 95.0,
      "n_ambig": 53.0,
      "n_disambig": 42.0,
      "accuracy_amb": 0.9433962264150944,
      "accuracy_dis": 0.7857142857142857,
      "bias_score_amb": -1.0,
      "bias_score_dis": -0.02857142857142858,
      "false_abstention_rate": 0.16666666666666666,
      "parse_fail_rate": 0.0
    }
  },
  "checkpoint_path": "results/v2_mini/multi_seed/seed_42/moe_best.pt"
}