{
  "seed": 123,
  "best_val_loss": 0.8102957308292389,
  "best_epoch": 10,
  "best_threshold": 0.4,
  "metrics": {
    "n_total": 900.0,
    "n_ambig": 450.0,
    "n_disambig": 450.0,
    "accuracy_amb": 0.9288888888888889,
    "accuracy_dis": 0.7977777777777778,
    "bias_score_amb": 0.25,
    "bias_score_dis": 0.1029023746701847,
    "false_abstention_rate": 0.15777777777777777,
    "parse_fail_rate": 0.0
  },
  "per_category": {
    "Age": {
      "n_total": 116.0,
      "n_ambig": 52.0,
      "n_disambig": 64.0,
      "accuracy_amb": 0.9423076923076923,
      "accuracy_dis": 0.796875,
      "bias_score_amb": 1.0,
      "bias_score_dis": 0.07407407407407418,
      "false_abstention_rate": 0.15625,
      "parse_fail_rate": 0.0
    },
    "Disability_status": {
      "n_total": 103.0,
      "n_ambig": 49.0,
      "n_disambig": 54.0,
      "accuracy_amb": 0.8979591836734694,
      "accuracy_dis": 0.7407407407407407,
      "bias_score_amb": 0.19999999999999996,
      "bias_score_dis": 0.33333333333333326,
      "false_abstention_rate": 0.16666666666666666,
      "parse_fail_rate": 0.0
    },
    "Gender_identity": {
      "n_total": 110.0,
      "n_ambig": 54.0,
      "n_disambig": 56.0,
      "accuracy_amb": 0.9259259259259259,
      "accuracy_dis": 0.7321428571428571,
      "bias_score_amb": 0.5,
      "bias_score_dis": -0.11627906976744184,
      "false_abstention_rate": 0.23214285714285715,
      "parse_fail_rate": 0.0
    },
    "Nationality": {
      "n_total": 83.0,
      "n_ambig": 41.0,
      "n_disambig": 42.0,
      "accuracy_amb": 0.926829268292683,
      "accuracy_dis": 0.9523809523809523,
      "bias_score_amb": -0.33333333333333337,
      "bias_score_dis": 0.10000000000000009,
      "false_abstention_rate": 0.047619047619047616,
      "parse_fail_rate": 0.0
    },
    "Physical_appearance": {
      "n_total": 73.0,
      "n_ambig": 36.0,
      "n_disambig": 37.0,
      "accuracy_amb": 1.0,
      "accuracy_dis": 0.5945945945945946,
      "bias_score_dis": -0.07692307692307687,
      "false_abstention_rate": 0.2972972972972973,
      "parse_fail_rate": 0.0
    },
    "Race_ethnicity": {
      "n_total": 106.0,
      "n_ambig": 52.0,
      "n_disambig": 54.0,
      "accuracy_amb": 1.0,
      "accuracy_dis": 0.8888888888888888,
      "bias_score_dis": 0.33333333333333326,
      "false_abstention_rate": 0.1111111111111111,
      "parse_fail_rate": 0.0
    },
    "Religion": {
      "n_total": 114.0,
      "n_ambig": 62.0,
      "n_disambig": 52.0,
      "accuracy_amb": 0.8709677419354839,
      "accuracy_dis": 0.7692307692307693,
      "bias_score_amb": 0.25,
      "bias_score_dis": 0.11627906976744184,
      "false_abstention_rate": 0.17307692307692307,
      "parse_fail_rate": 0.0
    },
    "SES": {
      "n_total": 100.0,
      "n_ambig": 51.0,
      "n_disambig": 49.0,
      "accuracy_amb": 0.9411764705882353,
      "accuracy_dis": 0.8979591836734694,
      "bias_score_amb": 1.0,
      "bias_score_dis": 0.04347826086956519,
      "false_abstention_rate": 0.061224489795918366,
      "parse_fail_rate": 0.0
    },
    "Sexual_orientation": {
      "n_total": 95.0,
      "n_ambig": 53.0,
      "n_disambig": 42.0,
      "accuracy_amb": 0.8867924528301887,
      "accuracy_dis": 0.7857142857142857,
      "bias_score_amb": -0.33333333333333337,
      "bias_score_dis": 0.0,
      "false_abstention_rate": 0.19047619047619047,
      "parse_fail_rate": 0.0
    }
  },
  "checkpoint_path": "results/v2_mini/multi_seed/seed_123/moe_best.pt"
}