{
  "per_fold": {
    "Gender_identity": {
      "held_out_category": "Gender_identity",
      "n_train": 1530,
      "n_held_out": 300,
      "best_val_loss": 0.4736887249681685,
      "held_out_acc_amb": 0.8066666666666666,
      "held_out_acc_dis": 0.7466666666666667,
      "held_out_bias_amb": 0.5862068965517242,
      "held_out_false_abstention": 0.17333333333333334,
      "held_out_expert_usage": [
        0.22695757360508045,
        0.23714149178005756,
        0.25174033706386884,
        0.28416059573491415
      ]
    },
    "Race_ethnicity": {
      "held_out_category": "Race_ethnicity",
      "n_train": 1530,
      "n_held_out": 300,
      "best_val_loss": 0.45730965667300755,
      "held_out_acc_amb": 0.7986577181208053,
      "held_out_acc_dis": 0.8533333333333334,
      "held_out_bias_amb": 0.1333333333333333,
      "held_out_false_abstention": 0.11333333333333333,
      "held_out_expert_usage": [
        0.2181716681768497,
        0.2253799791013201,
        0.25418886067966623,
        0.30225949560602505
      ]
    },
    "Age": {
      "held_out_category": "Age",
      "n_train": 1530,
      "n_held_out": 300,
      "best_val_loss": 0.4741763042079078,
      "held_out_acc_amb": 0.62,
      "held_out_acc_dis": 0.7933333333333333,
      "held_out_bias_amb": 0.7192982456140351,
      "held_out_false_abstention": 0.11333333333333333,
      "held_out_expert_usage": [
        0.26146504340072474,
        0.21380978810290496,
        0.2193714439123869,
        0.3053537258009116
      ]
    },
    "Religion": {
      "held_out_category": "Religion",
      "n_train": 1530,
      "n_held_out": 300,
      "best_val_loss": 0.44429636001586914,
      "held_out_acc_amb": 0.78,
      "held_out_acc_dis": 0.6333333333333333,
      "held_out_bias_amb": 0.1515151515151516,
      "held_out_false_abstention": 0.24666666666666667,
      "held_out_expert_usage": [
        0.24247802458703518,
        0.21854258976255855,
        0.2395309091359377,
        0.2994484816864133
      ]
    },
    "Disability_status": {
      "held_out_category": "Disability_status",
      "n_train": 1530,
      "n_held_out": 300,
      "best_val_loss": 0.47077155775494045,
      "held_out_acc_amb": 0.785234899328859,
      "held_out_acc_dis": 0.6466666666666666,
      "held_out_bias_amb": -0.1875,
      "held_out_false_abstention": 0.28,
      "held_out_expert_usage": [
        0.26229906429847083,
        0.24336122183750072,
        0.2506048604349295,
        0.2437348564590017
      ]
    },
    "SES": {
      "held_out_category": "SES",
      "n_train": 1530,
      "n_held_out": 300,
      "best_val_loss": 0.46502156058947247,
      "held_out_acc_amb": 0.7466666666666667,
      "held_out_acc_dis": 0.7466666666666667,
      "held_out_bias_amb": 0.5263157894736843,
      "held_out_false_abstention": 0.2,
      "held_out_expert_usage": [
        0.2343830156326294,
        0.25550724506378175,
        0.2332748784373204,
        0.2768348668391506
      ]
    },
    "Sexual_orientation": {
      "held_out_category": "Sexual_orientation",
      "n_train": 1530,
      "n_held_out": 300,
      "best_val_loss": 0.4039613902568817,
      "held_out_acc_amb": 0.6711409395973155,
      "held_out_acc_dis": 0.4866666666666667,
      "held_out_bias_amb": -0.10204081632653061,
      "held_out_false_abstention": 0.34,
      "held_out_expert_usage": [
        0.2650211724638939,
        0.25178267153600853,
        0.24148646667599677,
        0.2417096921056509
      ]
    }
  },
  "aggregate": {
    "held_out_acc_amb": 0.7440524129114733,
    "held_out_acc_dis": 0.7009523809523809,
    "held_out_false_abstention": 0.20952380952380953,
    "held_out_bias_amb": 0.26101837145162826
  }
}