{
  "best_layer": 12,
  "criterion": "max s7_delta_loss",
  "row": {
    "layer": 12,
    "n_bias_features": 78,
    "s7_delta_loss": -0.0017940402030944824,
    "full_val_loss": 0.9742615222930908,
    "no_s7_val_loss": 0.9724674820899963,
    "best_threshold": 0.45,
    "accuracy_amb": 0.94,
    "accuracy_dis": 0.78,
    "bias_score_amb": 0.33333333333333326,
    "false_abstention_rate": 0.2
  }
}