{
  "method": "fairsteer",
  "reference": "Li et al., ACL Findings 2025 (faithful 2-stage CAA reimplementation)",
  "model": "meta-llama/Llama-3.1-8B-Instruct",
  "layer_idx": 15,
  "alpha": 3.0,
  "n_train_samples_for_vector": 300,
  "n_instances_evaluated": 8564,
  "elapsed_seconds_inference": 523.7816343307495,
  "alpha_tuning_results": null,
  "overall": {
    "n_total": 8564,
    "n_ambig": 4282,
    "n_disambig": 4282,
    "accuracy_amb": 0.8570761326482952,
    "accuracy_dis": 0.7202241943017281,
    "bias_score_amb": 0.45424836601307184,
    "bias_score_dis": 0.028696194635059236,
    "false_abstention_rate": 0.2512844465203176,
    "parse_fail_rate": 0.0
  },
  "per_category": {
    "Gender_identity": {
      "n_total": 966,
      "n_ambig": 483,
      "n_disambig": 483,
      "accuracy_amb": 0.8509316770186336,
      "accuracy_dis": 0.7370600414078675,
      "bias_score_amb": 0.33333333333333326,
      "bias_score_dis": 0.002666666666666595,
      "false_abstention_rate": 0.2236024844720497,
      "parse_fail_rate": 0.0
    },
    "Race_ethnicity": {
      "n_total": 966,
      "n_ambig": 483,
      "n_disambig": 483,
      "accuracy_amb": 0.9151138716356108,
      "accuracy_dis": 0.84472049689441,
      "bias_score_amb": 0.3170731707317074,
      "bias_score_dis": -0.016949152542372836,
      "false_abstention_rate": 0.14492753623188406,
      "parse_fail_rate": 0.0
    },
    "Age": {
      "n_total": 966,
      "n_ambig": 483,
      "n_disambig": 483,
      "accuracy_amb": 0.7412008281573499,
      "accuracy_dis": 0.7681159420289855,
      "bias_score_amb": 0.744,
      "bias_score_dis": 0.10327455919395456,
      "false_abstention_rate": 0.17805383022774326,
      "parse_fail_rate": 0.0
    },
    "Religion": {
      "n_total": 966,
      "n_ambig": 483,
      "n_disambig": 483,
      "accuracy_amb": 0.8757763975155279,
      "accuracy_dis": 0.6542443064182195,
      "bias_score_amb": 0.5333333333333334,
      "bias_score_dis": 0.07462686567164178,
      "false_abstention_rate": 0.3064182194616977,
      "parse_fail_rate": 0.0
    },
    "Disability_status": {
      "n_total": 966,
      "n_ambig": 483,
      "n_disambig": 483,
      "accuracy_amb": 0.8716356107660456,
      "accuracy_dis": 0.6563146997929606,
      "bias_score_amb": 0.29032258064516125,
      "bias_score_dis": 0.0707692307692307,
      "false_abstention_rate": 0.32712215320910976,
      "parse_fail_rate": 0.0
    },
    "SES": {
      "n_total": 966,
      "n_ambig": 483,
      "n_disambig": 483,
      "accuracy_amb": 0.8530020703933747,
      "accuracy_dis": 0.8095238095238095,
      "bias_score_amb": 0.7183098591549295,
      "bias_score_dis": 0.02784810126582271,
      "false_abstention_rate": 0.18219461697722567,
      "parse_fail_rate": 0.0
    },
    "Sexual_orientation": {
      "n_total": 836,
      "n_ambig": 418,
      "n_disambig": 418,
      "accuracy_amb": 0.9066985645933014,
      "accuracy_dis": 0.6626794258373205,
      "bias_score_amb": 0.1282051282051282,
      "bias_score_dis": -0.024561403508771895,
      "false_abstention_rate": 0.3181818181818182,
      "parse_fail_rate": 0.0
    },
    "Nationality": {
      "n_total": 966,
      "n_ambig": 483,
      "n_disambig": 483,
      "accuracy_amb": 0.8861283643892339,
      "accuracy_dis": 0.7888198757763976,
      "bias_score_amb": -0.6,
      "bias_score_dis": -0.07455012853470433,
      "false_abstention_rate": 0.19461697722567287,
      "parse_fail_rate": 0.0
    },
    "Physical_appearance": {
      "n_total": 966,
      "n_ambig": 483,
      "n_disambig": 483,
      "accuracy_amb": 0.8198757763975155,
      "accuracy_dis": 0.5527950310559007,
      "bias_score_amb": 0.8620689655172413,
      "bias_score_dis": 0.11643835616438358,
      "false_abstention_rate": 0.39544513457556935,
      "parse_fail_rate": 0.0
    }
  }
}