category,n_total,n_ambig,n_disambig,accuracy_amb,accuracy_dis,bias_score_amb,bias_score_dis,false_abstention_rate,parse_fail_rate
Age,287,150,137,0.7866666666666666,0.48175182481751827,0.5,0.4186046511627908,0.3722627737226277,0.0
Disability_status,291,141,150,0.723404255319149,0.35333333333333333,-0.02564102564102566,0.03529411764705892,0.43333333333333335,0.0
Gender_identity,284,150,134,0.88,0.6417910447761194,0.11111111111111116,0.04081632653061229,0.26865671641791045,0.0
Nationality,299,149,150,0.7449664429530202,0.64,-0.052631578947368474,0.026086956521739202,0.23333333333333334,0.0
Physical_appearance,296,150,146,0.7466666666666667,0.5,0.3157894736842106,0.15463917525773185,0.3356164383561644,0.0
Race_ethnicity,299,149,150,0.9395973154362416,0.5533333333333333,0.11111111111111116,-0.07692307692307687,0.30666666666666664,0.0
Religion,294,150,144,0.78,0.4722222222222222,0.39393939393939403,0.06976744186046502,0.4027777777777778,0.0
SES,292,150,142,0.8866666666666667,0.7394366197183099,0.17647058823529416,-0.1785714285714286,0.2112676056338028,0.0
Sexual_orientation,298,148,150,0.9121621621621622,0.5466666666666666,0.23076923076923084,-0.196078431372549,0.32,0.0
