tau,acc_amb,acc_dis,bias_amb,bias_dis,far,n_kept,n_overridden,parse_fail_rate
0.3,0.7478510028653295,0.7619047619047619,0.18181818181818188,0.023569023569023573,0.15142857142857144,1793,304,0.0
0.4,0.8042024832855779,0.7552380952380953,0.18048780487804872,0.008055235903337232,0.17238095238095238,1695,402,0.0
0.5,0.8424068767908309,0.7447619047619047,0.1515151515151516,0.010550996483001063,0.18761904761904763,1620,477,0.0
0.6,0.8729703915950334,0.7323809523809524,0.08270676691729317,0.006002400960384069,0.20666666666666667,1529,568,0.0
0.7,0.9016236867239733,0.7114285714285714,0.029126213592232997,0.008739076154806513,0.23714285714285716,1420,677,0.0
