{
  "threshold": 0.65,
  "metrics": {
    "n_total": 2097,
    "n_ambig": 1047,
    "n_disambig": 1050,
    "accuracy_amb": 0.8872970391595033,
    "accuracy_dis": 0.7285714285714285,
    "bias_score_amb": 0.05084745762711873,
    "bias_score_dis": 0.0060606060606061,
    "false_abstention_rate": 0.21428571428571427,
    "parse_fail_rate": 0.0
  },
  "n_predictions": 2097
}