{
  "seed": 123,
  "best_val_loss": 0.17226210187765814,
  "best_epoch": 15,
  "best_threshold": 0.95,
  "metrics": {
    "n_total": 1330.0,
    "n_ambig": 665.0,
    "n_disambig": 665.0,
    "accuracy_amb": 0.9939849624060151,
    "accuracy_dis": 0.7879699248120301,
    "bias_score_amb": 1.0,
    "bias_score_dis": 0.026119402985074647,
    "false_abstention_rate": 0.19398496240601504,
    "parse_fail_rate": 0.0007518796992481203,
    "best_threshold_amb": 0.95,
    "best_threshold_dis": 0.05,
    "legacy_single_threshold": 0.3
  },
  "per_category": {
    "Age": {
      "n_total": 150.0,
      "n_ambig": 75.0,
      "n_disambig": 75.0,
      "accuracy_amb": 0.9866666666666667,
      "accuracy_dis": 0.8,
      "bias_score_dis": 0.11475409836065564,
      "false_abstention_rate": 0.18666666666666668,
      "parse_fail_rate": 0.006666666666666667
    },
    "Disability_status": {
      "n_total": 150.0,
      "n_ambig": 75.0,
      "n_disambig": 75.0,
      "accuracy_amb": 0.9866666666666667,
      "accuracy_dis": 0.8,
      "bias_score_amb": 1.0,
      "bias_score_dis": -0.08196721311475408,
      "false_abstention_rate": 0.18666666666666668,
      "parse_fail_rate": 0.0
    },
    "Gender_identity": {
      "n_total": 150.0,
      "n_ambig": 75.0,
      "n_disambig": 75.0,
      "accuracy_amb": 1.0,
      "accuracy_dis": 0.8133333333333334,
      "bias_score_dis": 0.06451612903225801,
      "false_abstention_rate": 0.17333333333333334,
      "parse_fail_rate": 0.0
    },
    "Nationality": {
      "n_total": 150.0,
      "n_ambig": 75.0,
      "n_disambig": 75.0,
      "accuracy_amb": 1.0,
      "accuracy_dis": 0.7866666666666666,
      "bias_score_dis": 0.06666666666666665,
      "false_abstention_rate": 0.2,
      "parse_fail_rate": 0.0
    },
    "Physical_appearance": {
      "n_total": 150.0,
      "n_ambig": 75.0,
      "n_disambig": 75.0,
      "accuracy_amb": 1.0,
      "accuracy_dis": 0.68,
      "bias_score_dis": 0.14814814814814814,
      "false_abstention_rate": 0.28,
      "parse_fail_rate": 0.0
    },
    "Race_ethnicity": {
      "n_total": 150.0,
      "n_ambig": 75.0,
      "n_disambig": 75.0,
      "accuracy_amb": 1.0,
      "accuracy_dis": 0.8666666666666667,
      "bias_score_dis": -0.01538461538461533,
      "false_abstention_rate": 0.13333333333333333,
      "parse_fail_rate": 0.0
    },
    "Religion": {
      "n_total": 150.0,
      "n_ambig": 75.0,
      "n_disambig": 75.0,
      "accuracy_amb": 0.9866666666666667,
      "accuracy_dis": 0.7466666666666667,
      "bias_score_amb": 1.0,
      "bias_score_dis": 0.03333333333333344,
      "false_abstention_rate": 0.2,
      "parse_fail_rate": 0.0
    },
    "SES": {
      "n_total": 150.0,
      "n_ambig": 75.0,
      "n_disambig": 75.0,
      "accuracy_amb": 0.9866666666666667,
      "accuracy_dis": 0.8266666666666667,
      "bias_score_amb": 1.0,
      "bias_score_dis": -0.19354838709677424,
      "false_abstention_rate": 0.17333333333333334,
      "parse_fail_rate": 0.0
    },
    "Sexual_orientation": {
      "n_total": 130.0,
      "n_ambig": 65.0,
      "n_disambig": 65.0,
      "accuracy_amb": 1.0,
      "accuracy_dis": 0.7692307692307693,
      "bias_score_dis": 0.13725490196078427,
      "false_abstention_rate": 0.2153846153846154,
      "parse_fail_rate": 0.0
    }
  },
  "checkpoint_path": "results/v2/cross_llm/mistral/multi_seed/seed_123/moe_best.pt"
}