{
  "seed": 42,
  "best_val_loss": 0.20304891143348955,
  "best_epoch": 15,
  "best_threshold": 0.925,
  "metrics": {
    "n_total": 1330.0,
    "n_ambig": 665.0,
    "n_disambig": 665.0,
    "accuracy_amb": 0.9954887218045113,
    "accuracy_dis": 0.7894736842105263,
    "bias_score_amb": 0.0,
    "bias_score_dis": -0.027422303473491727,
    "false_abstention_rate": 0.1774436090225564,
    "parse_fail_rate": 0.0007518796992481203,
    "best_threshold_amb": 0.925,
    "best_threshold_dis": 0.05,
    "legacy_single_threshold": 0.3
  },
  "per_category": {
    "Age": {
      "n_total": 150.0,
      "n_ambig": 75.0,
      "n_disambig": 75.0,
      "accuracy_amb": 1.0,
      "accuracy_dis": 0.84,
      "bias_score_dis": 0.07692307692307687,
      "false_abstention_rate": 0.13333333333333333,
      "parse_fail_rate": 0.0
    },
    "Disability_status": {
      "n_total": 150.0,
      "n_ambig": 75.0,
      "n_disambig": 75.0,
      "accuracy_amb": 1.0,
      "accuracy_dis": 0.68,
      "bias_score_dis": -0.03703703703703709,
      "false_abstention_rate": 0.28,
      "parse_fail_rate": 0.0
    },
    "Gender_identity": {
      "n_total": 150.0,
      "n_ambig": 75.0,
      "n_disambig": 75.0,
      "accuracy_amb": 0.9866666666666667,
      "accuracy_dis": 0.8266666666666667,
      "bias_score_dis": -0.3650793650793651,
      "false_abstention_rate": 0.16,
      "parse_fail_rate": 0.006666666666666667
    },
    "Nationality": {
      "n_total": 150.0,
      "n_ambig": 75.0,
      "n_disambig": 75.0,
      "accuracy_amb": 1.0,
      "accuracy_dis": 0.76,
      "bias_score_dis": 0.12903225806451624,
      "false_abstention_rate": 0.17333333333333334,
      "parse_fail_rate": 0.0
    },
    "Physical_appearance": {
      "n_total": 150.0,
      "n_ambig": 75.0,
      "n_disambig": 75.0,
      "accuracy_amb": 1.0,
      "accuracy_dis": 0.7866666666666666,
      "bias_score_dis": 0.016393442622950838,
      "false_abstention_rate": 0.18666666666666668,
      "parse_fail_rate": 0.0
    },
    "Race_ethnicity": {
      "n_total": 150.0,
      "n_ambig": 75.0,
      "n_disambig": 75.0,
      "accuracy_amb": 0.9733333333333334,
      "accuracy_dis": 0.8933333333333333,
      "bias_score_amb": 0.0,
      "bias_score_dis": -0.28358208955223885,
      "false_abstention_rate": 0.10666666666666667,
      "parse_fail_rate": 0.0
    },
    "Religion": {
      "n_total": 150.0,
      "n_ambig": 75.0,
      "n_disambig": 75.0,
      "accuracy_amb": 1.0,
      "accuracy_dis": 0.76,
      "bias_score_dis": 0.11111111111111116,
      "false_abstention_rate": 0.16,
      "parse_fail_rate": 0.0
    },
    "SES": {
      "n_total": 150.0,
      "n_ambig": 75.0,
      "n_disambig": 75.0,
      "accuracy_amb": 1.0,
      "accuracy_dis": 0.84,
      "bias_score_dis": 0.1428571428571428,
      "false_abstention_rate": 0.16,
      "parse_fail_rate": 0.0
    },
    "Sexual_orientation": {
      "n_total": 130.0,
      "n_ambig": 65.0,
      "n_disambig": 65.0,
      "accuracy_amb": 1.0,
      "accuracy_dis": 0.7076923076923077,
      "bias_score_dis": -0.020408163265306145,
      "false_abstention_rate": 0.24615384615384617,
      "parse_fail_rate": 0.0
    }
  },
  "checkpoint_path": "results/v2/cross_llm/mistral/multi_seed/seed_42/moe_best.pt"
}