{
  "seed": 456,
  "best_val_loss": 0.16018970417124884,
  "best_epoch": 25,
  "best_threshold": 0.95,
  "metrics": {
    "n_total": 1330.0,
    "n_ambig": 665.0,
    "n_disambig": 665.0,
    "accuracy_amb": 0.9969924812030075,
    "accuracy_dis": 0.7729323308270677,
    "bias_score_dis": 0.0792452830188679,
    "false_abstention_rate": 0.20300751879699247,
    "parse_fail_rate": 0.0015037593984962407,
    "best_threshold_amb": 0.95,
    "best_threshold_dis": 0.05,
    "legacy_single_threshold": 0.3
  },
  "per_category": {
    "Age": {
      "n_total": 150.0,
      "n_ambig": 75.0,
      "n_disambig": 75.0,
      "accuracy_amb": 0.9866666666666667,
      "accuracy_dis": 0.7466666666666667,
      "bias_score_dis": 0.03333333333333344,
      "false_abstention_rate": 0.2,
      "parse_fail_rate": 0.006666666666666667
    },
    "Disability_status": {
      "n_total": 150.0,
      "n_ambig": 75.0,
      "n_disambig": 75.0,
      "accuracy_amb": 1.0,
      "accuracy_dis": 0.64,
      "bias_score_dis": 0.15999999999999992,
      "false_abstention_rate": 0.3333333333333333,
      "parse_fail_rate": 0.0
    },
    "Gender_identity": {
      "n_total": 150.0,
      "n_ambig": 75.0,
      "n_disambig": 75.0,
      "accuracy_amb": 0.9866666666666667,
      "accuracy_dis": 0.8133333333333334,
      "bias_score_dis": -0.180327868852459,
      "false_abstention_rate": 0.18666666666666668,
      "parse_fail_rate": 0.006666666666666667
    },
    "Nationality": {
      "n_total": 150.0,
      "n_ambig": 75.0,
      "n_disambig": 75.0,
      "accuracy_amb": 1.0,
      "accuracy_dis": 0.7733333333333333,
      "bias_score_dis": 0.16666666666666674,
      "false_abstention_rate": 0.2,
      "parse_fail_rate": 0.0
    },
    "Physical_appearance": {
      "n_total": 150.0,
      "n_ambig": 75.0,
      "n_disambig": 75.0,
      "accuracy_amb": 1.0,
      "accuracy_dis": 0.6933333333333334,
      "bias_score_dis": 0.3214285714285714,
      "false_abstention_rate": 0.25333333333333335,
      "parse_fail_rate": 0.0
    },
    "Race_ethnicity": {
      "n_total": 150.0,
      "n_ambig": 75.0,
      "n_disambig": 75.0,
      "accuracy_amb": 1.0,
      "accuracy_dis": 0.9066666666666666,
      "bias_score_dis": 0.0,
      "false_abstention_rate": 0.09333333333333334,
      "parse_fail_rate": 0.0
    },
    "Religion": {
      "n_total": 150.0,
      "n_ambig": 75.0,
      "n_disambig": 75.0,
      "accuracy_amb": 1.0,
      "accuracy_dis": 0.72,
      "bias_score_dis": 0.12280701754385959,
      "false_abstention_rate": 0.24,
      "parse_fail_rate": 0.0
    },
    "SES": {
      "n_total": 150.0,
      "n_ambig": 75.0,
      "n_disambig": 75.0,
      "accuracy_amb": 1.0,
      "accuracy_dis": 0.9333333333333333,
      "bias_score_dis": 0.11428571428571432,
      "false_abstention_rate": 0.06666666666666667,
      "parse_fail_rate": 0.0
    },
    "Sexual_orientation": {
      "n_total": 130.0,
      "n_ambig": 65.0,
      "n_disambig": 65.0,
      "accuracy_amb": 1.0,
      "accuracy_dis": 0.7230769230769231,
      "bias_score_dis": 0.0,
      "false_abstention_rate": 0.26153846153846155,
      "parse_fail_rate": 0.0
    }
  },
  "checkpoint_path": "results/v2/cross_llm/mistral/multi_seed/seed_456/moe_best.pt"
}