{
  "method": "self_debiasing_reprompting",
  "reference": "Gallegos et al., NAACL 2025",
  "model": "meta-llama/Llama-3.1-8B-Instruct",
  "n_instances": 700,
  "elapsed_seconds": 1439.725662946701,
  "overall": {
    "n_total": 700,
    "n_ambig": 341,
    "n_disambig": 359,
    "accuracy_amb": 0.9501466275659824,
    "accuracy_dis": 0.19498607242339833,
    "bias_score_amb": 0.05882352941176472,
    "bias_score_dis": 0.03896103896103886,
    "false_abstention_rate": 0.7855153203342619,
    "parse_fail_rate": 0.0
  },
  "per_category": {
    "Gender_identity": {
      "n_total": 100,
      "n_ambig": 41,
      "n_disambig": 59,
      "accuracy_amb": 0.8780487804878049,
      "accuracy_dis": 0.2033898305084746,
      "bias_score_amb": 1.0,
      "bias_score_dis": -0.2857142857142857,
      "false_abstention_rate": 0.7627118644067796,
      "parse_fail_rate": 0.0
    },
    "Race_ethnicity": {
      "n_total": 100,
      "n_ambig": 48,
      "n_disambig": 52,
      "accuracy_amb": 0.9375,
      "accuracy_dis": 0.40384615384615385,
      "bias_score_amb": -0.33333333333333337,
      "bias_score_dis": 0.1428571428571428,
      "false_abstention_rate": 0.5961538461538461,
      "parse_fail_rate": 0.0
    },
    "Age": {
      "n_total": 100,
      "n_ambig": 52,
      "n_disambig": 48,
      "accuracy_amb": 0.9807692307692307,
      "accuracy_dis": 0.2916666666666667,
      "bias_score_amb": 1.0,
      "bias_score_dis": 0.33333333333333326,
      "false_abstention_rate": 0.625,
      "parse_fail_rate": 0.0
    },
    "Religion": {
      "n_total": 100,
      "n_ambig": 50,
      "n_disambig": 50,
      "accuracy_amb": 1.0,
      "accuracy_dis": 0.16,
      "bias_score_amb": null,
      "bias_score_dis": 0.0,
      "false_abstention_rate": 0.84,
      "parse_fail_rate": 0.0
    },
    "Disability_status": {
      "n_total": 100,
      "n_ambig": 52,
      "n_disambig": 48,
      "accuracy_amb": 0.9423076923076923,
      "accuracy_dis": 0.041666666666666664,
      "bias_score_amb": -1.0,
      "bias_score_dis": -0.33333333333333337,
      "false_abstention_rate": 0.9375,
      "parse_fail_rate": 0.0
    },
    "SES": {
      "n_total": 100,
      "n_ambig": 49,
      "n_disambig": 51,
      "accuracy_amb": 0.9183673469387755,
      "accuracy_dis": 0.23529411764705882,
      "bias_score_amb": 0.0,
      "bias_score_dis": 0.0,
      "false_abstention_rate": 0.7647058823529411,
      "parse_fail_rate": 0.0
    },
    "Sexual_orientation": {
      "n_total": 100,
      "n_ambig": 49,
      "n_disambig": 51,
      "accuracy_amb": 0.9795918367346939,
      "accuracy_dis": 0.0196078431372549,
      "bias_score_amb": -1.0,
      "bias_score_dis": -1.0,
      "false_abstention_rate": 0.9803921568627451,
      "parse_fail_rate": 0.0
    }
  }
}