{
  "seeds": [
    42
  ],
  "aggregate": {
    "accuracy_amb": {
      "mean": 0.9822222222222222,
      "std": 0.0,
      "n": 1,
      "ci_low": 0.9822222222222222,
      "ci_high": 0.9822222222222222
    },
    "accuracy_dis": {
      "mean": 0.8666666666666667,
      "std": 0.0,
      "n": 1,
      "ci_low": 0.8666666666666667,
      "ci_high": 0.8666666666666667
    },
    "best_threshold_amb": {
      "mean": 0.95,
      "std": 0.0,
      "n": 1,
      "ci_low": 0.95,
      "ci_high": 0.95
    },
    "best_threshold_dis": {
      "mean": 0.05,
      "std": 0.0,
      "n": 1,
      "ci_low": 0.05,
      "ci_high": 0.05
    },
    "bias_score_amb": {
      "mean": 0.5,
      "std": 0.0,
      "n": 1,
      "ci_low": 0.5,
      "ci_high": 0.5
    },
    "bias_score_dis": {
      "mean": 0.13793103448275867,
      "std": 0.0,
      "n": 1,
      "ci_low": 0.13793103448275867,
      "ci_high": 0.13793103448275867
    },
    "false_abstention_rate": {
      "mean": 0.09777777777777778,
      "std": 0.0,
      "n": 1,
      "ci_low": 0.09777777777777778,
      "ci_high": 0.09777777777777778
    },
    "legacy_single_threshold": {
      "mean": 0.3,
      "std": 0.0,
      "n": 1,
      "ci_low": 0.3,
      "ci_high": 0.3
    },
    "n_ambig": {
      "mean": 450.0,
      "std": 0.0,
      "n": 1,
      "ci_low": 450.0,
      "ci_high": 450.0
    },
    "n_disambig": {
      "mean": 450.0,
      "std": 0.0,
      "n": 1,
      "ci_low": 450.0,
      "ci_high": 450.0
    },
    "n_total": {
      "mean": 900.0,
      "std": 0.0,
      "n": 1,
      "ci_low": 900.0,
      "ci_high": 900.0
    },
    "parse_fail_rate": {
      "mean": 0.0,
      "std": 0.0,
      "n": 1,
      "ci_low": 0.0,
      "ci_high": 0.0
    },
    "best_threshold": {
      "mean": 0.95,
      "std": 0.0,
      "n": 1,
      "ci_low": 0.95,
      "ci_high": 0.95
    },
    "best_val_loss": {
      "mean": 0.8128668367862701,
      "std": 0.0,
      "n": 1,
      "ci_low": 0.8128668367862701,
      "ci_high": 0.8128668367862701
    }
  },
  "aggregate_per_category": {
    "Age": {
      "accuracy_amb": {
        "mean": 0.92,
        "std": 0.0,
        "n": 1,
        "ci_low": 0.92,
        "ci_high": 0.92
      },
      "accuracy_dis": {
        "mean": 0.92,
        "std": 0.0,
        "n": 1,
        "ci_low": 0.92,
        "ci_high": 0.92
      },
      "bias_score_amb": {
        "mean": 0.5,
        "std": 0.0,
        "n": 1,
        "ci_low": 0.5,
        "ci_high": 0.5
      },
      "bias_score_dis": {
        "mean": 0.08695652173913038,
        "std": 0.0,
        "n": 1,
        "ci_low": 0.08695652173913038,
        "ci_high": 0.08695652173913038
      },
      "false_abstention_rate": {
        "mean": 0.08,
        "std": 0.0,
        "n": 1,
        "ci_low": 0.08,
        "ci_high": 0.08
      },
      "n_ambig": {
        "mean": 50.0,
        "std": 0.0,
        "n": 1,
        "ci_low": 50.0,
        "ci_high": 50.0
      },
      "n_disambig": {
        "mean": 50.0,
        "std": 0.0,
        "n": 1,
        "ci_low": 50.0,
        "ci_high": 50.0
      },
      "n_total": {
        "mean": 100.0,
        "std": 0.0,
        "n": 1,
        "ci_low": 100.0,
        "ci_high": 100.0
      },
      "parse_fail_rate": {
        "mean": 0.0,
        "std": 0.0,
        "n": 1,
        "ci_low": 0.0,
        "ci_high": 0.0
      }
    },
    "Disability_status": {
      "accuracy_amb": {
        "mean": 1.0,
        "std": 0.0,
        "n": 1,
        "ci_low": 1.0,
        "ci_high": 1.0
      },
      "accuracy_dis": {
        "mean": 0.84,
        "std": 0.0,
        "n": 1,
        "ci_low": 0.84,
        "ci_high": 0.84
      },
      "bias_score_dis": {
        "mean": 0.36363636363636354,
        "std": 0.0,
        "n": 1,
        "ci_low": 0.36363636363636354,
        "ci_high": 0.36363636363636354
      },
      "false_abstention_rate": {
        "mean": 0.12,
        "std": 0.0,
        "n": 1,
        "ci_low": 0.12,
        "ci_high": 0.12
      },
      "n_ambig": {
        "mean": 50.0,
        "std": 0.0,
        "n": 1,
        "ci_low": 50.0,
        "ci_high": 50.0
      },
      "n_disambig": {
        "mean": 50.0,
        "std": 0.0,
        "n": 1,
        "ci_low": 50.0,
        "ci_high": 50.0
      },
      "n_total": {
        "mean": 100.0,
        "std": 0.0,
        "n": 1,
        "ci_low": 100.0,
        "ci_high": 100.0
      },
      "parse_fail_rate": {
        "mean": 0.0,
        "std": 0.0,
        "n": 1,
        "ci_low": 0.0,
        "ci_high": 0.0
      }
    },
    "Gender_identity": {
      "accuracy_amb": {
        "mean": 1.0,
        "std": 0.0,
        "n": 1,
        "ci_low": 1.0,
        "ci_high": 1.0
      },
      "accuracy_dis": {
        "mean": 0.82,
        "std": 0.0,
        "n": 1,
        "ci_low": 0.82,
        "ci_high": 0.82
      },
      "bias_score_dis": {
        "mean": 0.0,
        "std": 0.0,
        "n": 1,
        "ci_low": 0.0,
        "ci_high": 0.0
      },
      "false_abstention_rate": {
        "mean": 0.12,
        "std": 0.0,
        "n": 1,
        "ci_low": 0.12,
        "ci_high": 0.12
      },
      "n_ambig": {
        "mean": 50.0,
        "std": 0.0,
        "n": 1,
        "ci_low": 50.0,
        "ci_high": 50.0
      },
      "n_disambig": {
        "mean": 50.0,
        "std": 0.0,
        "n": 1,
        "ci_low": 50.0,
        "ci_high": 50.0
      },
      "n_total": {
        "mean": 100.0,
        "std": 0.0,
        "n": 1,
        "ci_low": 100.0,
        "ci_high": 100.0
      },
      "parse_fail_rate": {
        "mean": 0.0,
        "std": 0.0,
        "n": 1,
        "ci_low": 0.0,
        "ci_high": 0.0
      }
    },
    "Nationality": {
      "accuracy_amb": {
        "mean": 0.96,
        "std": 0.0,
        "n": 1,
        "ci_low": 0.96,
        "ci_high": 0.96
      },
      "accuracy_dis": {
        "mean": 0.98,
        "std": 0.0,
        "n": 1,
        "ci_low": 0.98,
        "ci_high": 0.98
      },
      "bias_score_amb": {
        "mean": 0.0,
        "std": 0.0,
        "n": 1,
        "ci_low": 0.0,
        "ci_high": 0.0
      },
      "bias_score_dis": {
        "mean": 0.18367346938775508,
        "std": 0.0,
        "n": 1,
        "ci_low": 0.18367346938775508,
        "ci_high": 0.18367346938775508
      },
      "false_abstention_rate": {
        "mean": 0.02,
        "std": 0.0,
        "n": 1,
        "ci_low": 0.02,
        "ci_high": 0.02
      },
      "n_ambig": {
        "mean": 50.0,
        "std": 0.0,
        "n": 1,
        "ci_low": 50.0,
        "ci_high": 50.0
      },
      "n_disambig": {
        "mean": 50.0,
        "std": 0.0,
        "n": 1,
        "ci_low": 50.0,
        "ci_high": 50.0
      },
      "n_total": {
        "mean": 100.0,
        "std": 0.0,
        "n": 1,
        "ci_low": 100.0,
        "ci_high": 100.0
      },
      "parse_fail_rate": {
        "mean": 0.0,
        "std": 0.0,
        "n": 1,
        "ci_low": 0.0,
        "ci_high": 0.0
      }
    },
    "Physical_appearance": {
      "accuracy_amb": {
        "mean": 0.96,
        "std": 0.0,
        "n": 1,
        "ci_low": 0.96,
        "ci_high": 0.96
      },
      "accuracy_dis": {
        "mean": 0.66,
        "std": 0.0,
        "n": 1,
        "ci_low": 0.66,
        "ci_high": 0.66
      },
      "bias_score_amb": {
        "mean": 1.0,
        "std": 0.0,
        "n": 1,
        "ci_low": 1.0,
        "ci_high": 1.0
      },
      "bias_score_dis": {
        "mean": 0.050000000000000044,
        "std": 0.0,
        "n": 1,
        "ci_low": 0.050000000000000044,
        "ci_high": 0.050000000000000044
      },
      "false_abstention_rate": {
        "mean": 0.2,
        "std": 0.0,
        "n": 1,
        "ci_low": 0.2,
        "ci_high": 0.2
      },
      "n_ambig": {
        "mean": 50.0,
        "std": 0.0,
        "n": 1,
        "ci_low": 50.0,
        "ci_high": 50.0
      },
      "n_disambig": {
        "mean": 50.0,