{
  "head_indices": [
    [
      15,
      4
    ],
    [
      6,
      0
    ],
    [
      5,
      27
    ],
    [
      13,
      30
    ],
    [
      7,
      15
    ],
    [
      0,
      9
    ],
    [
      15,
      8
    ],
    [
      11,
      26
    ],
    [
      8,
      19
    ],
    [
      15,
      11
    ],
    [
      13,
      12
    ],
    [
      5,
      15
    ],
    [
      7,
      24
    ],
    [
      2,
      29
    ],
    [
      14,
      24
    ],
    [
      12,
      22
    ],
    [
      1,
      15
    ],
    [
      4,
      19
    ],
    [
      11,
      7
    ],
    [
      4,
      20
    ]
  ],
  "scores": [
    0.021331787109375,
    0.01399739645421505,
    0.01119486428797245,
    0.0095011405646801,
    0.009324392303824425,
    0.00722249411046505,
    0.007160186767578125,
    0.0070699057541787624,
    0.007054646499454975,
    0.00696563720703125,
    0.0067545571364462376,
    0.006576538551598787,
    0.006418864242732525,
    0.00631586741656065,
    0.006113688461482525,
    0.0060221352614462376,
    0.005772908218204975,
    0.0057500205002725124,
    0.0057093300856649876,
    0.005615234840661287
  ],
  "n_stereotyped": 6,
  "n_anti_stereotyped": 3,
  "method": "contrastive_attention_to_demographic",
  "primary_prompt": "vanilla"
}