{
  "head_indices": [
    [
      15,
      4
    ],
    [
      6,
      0
    ],
    [
      7,
      15
    ],
    [
      11,
      26
    ],
    [
      5,
      27
    ],
    [
      7,
      24
    ],
    [
      8,
      19
    ],
    [
      9,
      12
    ],
    [
      4,
      20
    ],
    [
      5,
      15
    ],
    [
      9,
      15
    ],
    [
      7,
      26
    ],
    [
      10,
      24
    ],
    [
      11,
      7
    ],
    [
      12,
      21
    ],
    [
      11,
      13
    ],
    [
      10,
      25
    ],
    [
      11,
      11
    ],
    [
      4,
      19
    ],
    [
      10,
      23
    ]
  ],
  "scores": [
    0.010547521524131298,
    0.010445913299918175,
    0.007932031527161598,
    0.00781122874468565,
    0.007734818384051323,
    0.0051546962931752205,
    0.004860849119722843,
    0.004729675594717264,
    0.0046768770553171635,
    0.0046234130859375,
    0.0046014063991606236,
    0.0045530726201832294,
    0.004431060049682856,
    0.004375905729830265,
    0.004323323257267475,
    0.0042330427095294,
    0.004125942010432482,
    0.004121722653508186,
    0.004058259539306164,
    0.004043665714561939
  ],
  "n_stereotyped": 11,
  "n_anti_stereotyped": 6,
  "method": "contrastive_attention_to_demographic",
  "primary_prompt": "vanilla"
}