{
  "best_tau": 0.75,
  "score": 0.7744769461674906,
  "details": {
    "tau": 0.75,
    "acc_amb": 0.9130850047755492,
    "acc_dis": 0.6942857142857143,
    "bias_amb": -0.01098901098901095,
    "bias_dis": 0.01278772378516635,
    "far": 0.25523809523809526,
    "n_kept": 1353.0,
    "n_overridden": 744.0,
    "parse_fail_rate": 0.0
  },
  "all_scores": [
    [
      0.3,
      0.49031853533286185
    ],
    [
      0.35,
      0.523183174673146
    ],
    [
      0.4,
      0.537524202217053
    ],
    [
      0.45,
      0.575838055983008
    ],
    [
      0.5,
      0.5970822014661555
    ],
    [
      0.55,
      0.6386948639015209
    ],
    [
      0.6,
      0.6869302913444069
    ],
    [
      0.65,
      0.7293067243895275
    ],
    [
      0.7,
      0.7539260445603118
    ],
    [
      0.75,
      0.7744769461674906
    ],
    [
      0.8,
      0.7137648509472769
    ],
    [
      0.85,
      0.6836185018419975
    ]
  ]
}