{
  "best_tau": 0.7,
  "score": 0.5285714285714287,
  "details": {
    "tau": 0.7,
    "acc_amb": 0.9628571428571429,
    "acc_dis": 0.7857142857142857,
    "bias_amb": 0.33333333333333326,
    "bias_dis": -0.004773269689737458,
    "far": 0.2019047619047619,
    "n_kept": 1407.0,
    "n_overridden": 693.0,
    "parse_fail_rate": 0.0
  },
  "all_scores": [
    [
      0.3,
      0.36164021164021154
    ],
    [
      0.4,
      0.37346320346320344
    ],
    [
      0.5,
      0.450600414078675
    ],
    [
      0.6,
      0.4490640394088671
    ],
    [
      0.7,
      0.5285714285714287
    ]
  ]
}