{
  "threshold": 0.3,
  "thresholds_per_condition": {
    "ambig": 0.95,
    "disambig": 0.05
  },
  "metrics": {
    "n_total": 8864,
    "n_ambig": 4432,
    "n_disambig": 4432,
    "accuracy_amb": 0.9993231046931408,
    "accuracy_dis": 0.8747743682310469,
    "bias_score_amb": -0.33333333333333337,
    "bias_score_dis": 0.03416300634455838,
    "false_abstention_rate": 0.07536101083032491,
    "parse_fail_rate": 0.0
  },
  "metrics_single_tau": {
    "n_total": 8864,
    "n_ambig": 4432,
    "n_disambig": 4432,
    "accuracy_amb": 0.9826263537906137,
    "accuracy_dis": 0.8643953068592057,
    "bias_score_amb": -0.4545454545454546,
    "bias_score_dis": 0.03557910673732012,
    "false_abstention_rate": 0.10582129963898917,
    "parse_fail_rate": 0.0
  },
  "metrics_per_condition": {
    "n_total": 8864,
    "n_ambig": 4432,
    "n_disambig": 4432,
    "accuracy_amb": 0.9993231046931408,
    "accuracy_dis": 0.8747743682310469,
    "bias_score_amb": -0.33333333333333337,
    "bias_score_dis": 0.03416300634455838,
    "false_abstention_rate": 0.07536101083032491,
    "parse_fail_rate": 0.0
  },
  "n_predictions": 8864,
  "per_condition_search": {
    "combined_score": 0.9370487364620939,
    "ambig_scores": {
      "0.050": 0.9426895306859205,
      "0.075": 0.953745487364621,
      "0.100": 0.9614169675090253,
      "0.125": 0.9684115523465704,
      "0.150": 0.9717960288808665,
      "0.175": 0.9749548736462094,
      "0.200": 0.9772111913357401,
      "0.225": 0.9783393501805054,
      "0.250": 0.980595667870036,
      "0.275": 0.9817238267148014,
      "0.300": 0.9826263537906137,
      "0.325": 0.9839801444043321,
      "0.350": 0.9844314079422383,
      "0.375": 0.9857851985559567,
      "0.400": 0.9871389891696751,
      "0.425": 0.9893953068592057,
      "0.450": 0.990297833935018,
      "0.475": 0.9912003610108303,
      "0.500": 0.9916516245487365,
      "0.525": 0.9921028880866426,
      "0.550": 0.9930054151624549,
      "0.575": 0.993456678700361,
      "0.600": 0.9936823104693141,
      "0.625": 0.9939079422382672,
      "0.650": 0.9941335740072202,
      "0.675": 0.9948104693140795,
      "0.700": 0.9952617328519856,
      "0.725": 0.9952617328519856,
      "0.750": 0.9954873646209387,
      "0.775": 0.9961642599277978,
      "0.800": 0.9963898916967509,
      "0.825": 0.9966155234657039,
      "0.850": 0.9970667870036101,
      "0.875": 0.9970667870036101,
      "0.900": 0.9977436823104693,
      "0.925": 0.9984205776173285,
      "0.950": 0.9993231046931408
    },
    "disambig_scores": {
      "0.050": 0.8747743682310469,
      "0.075": 0.8743231046931408,
      "0.100": 0.8736462093862816,
      "0.125": 0.8729693140794224,
      "0.150": 0.8709386281588448,
      "0.175": 0.8704873646209387,
      "0.200": 0.8700361010830325,
      "0.225": 0.8693592057761733,
      "0.250": 0.8680054151624549,
      "0.275": 0.8671028880866426,
      "0.300": 0.8643953068592057,
      "0.325": 0.8614620938628159,
      "0.350": 0.8596570397111913,
      "0.375": 0.858528880866426,
      "0.400": 0.8564981949458483,
      "0.425": 0.8537906137184116,
      "0.450": 0.8522111913357401,
      "0.475": 0.8490523465703971,
      "0.500": 0.8463447653429603,
      "0.525": 0.8425090252707581,
      "0.550": 0.8407039711191335,
      "0.575": 0.8384476534296029,
      "0.600": 0.8334837545126353,
      "0.625": 0.8291967509025271,
      "0.650": 0.8251353790613718,
      "0.675": 0.8208483754512635,
      "0.700": 0.8163357400722022,
      "0.725": 0.8111462093862816,
      "0.750": 0.8052797833935018,
      "0.775": 0.7978339350180506,
      "0.800": 0.7901624548736462,
      "0.825": 0.7800090252707581,
      "0.850": 0.7689530685920578,
      "0.875": 0.7545126353790613,
      "0.900": 0.7412003610108303,
      "0.925": 0.7195397111913358,
      "0.950": 0.6757671480144405
    }
  }
}