{
  "best_tau": 0.7,
  "score": 0.7556471306471306,
  "details": {
    "tau": 0.7,
    "acc_amb": 0.9752747252747253,
    "acc_dis": 0.7774725274725275,
    "bias_amb": -0.11111111111111116,
    "bias_dis": -0.010526315789473717,
    "far": 0.21703296703296704,
    "n_kept": 491.0,
    "n_overridden": 237.0,
    "parse_fail_rate": 0.0
  },
  "all_scores": [
    [
      0.3,
      0.4993894993894994
    ],
    [
      0.4,
      0.4670968566317404
    ],
    [
      0.5,
      0.6392857142857142
    ],
    [
      0.6,
      0.675
    ],
    [
      0.7,
      0.7556471306471306
    ]
  ]
}