{
  "seed": 42,
  "best_val_loss": 0.3022165574754278,
  "best_epoch": 20,
  "best_threshold": 0.875,
  "metrics": {
    "n_total": 1330.0,
    "n_ambig": 665.0,
    "n_disambig": 665.0,
    "accuracy_amb": 0.9924812030075187,
    "accuracy_dis": 0.8315789473684211,
    "bias_score_amb": 0.6000000000000001,
    "bias_score_dis": -0.02284710017574687,
    "false_abstention_rate": 0.1443609022556391,
    "parse_fail_rate": 0.0,
    "best_threshold_amb": 0.875,
    "best_threshold_dis": 0.05,
    "legacy_single_threshold": 0.3
  },
  "per_category": {
    "Age": {
      "n_total": 150.0,
      "n_ambig": 75.0,
      "n_disambig": 75.0,
      "accuracy_amb": 0.9866666666666667,
      "accuracy_dis": 0.9333333333333333,
      "bias_score_amb": 1.0,
      "bias_score_dis": 0.08571428571428563,
      "false_abstention_rate": 0.06666666666666667,
      "parse_fail_rate": 0.0
    },
    "Disability_status": {
      "n_total": 150.0,
      "n_ambig": 75.0,
      "n_disambig": 75.0,
      "accuracy_amb": 0.9866666666666667,
      "accuracy_dis": 0.84,
      "bias_score_amb": -1.0,
      "bias_score_dis": 0.0625,
      "false_abstention_rate": 0.14666666666666667,
      "parse_fail_rate": 0.0
    },
    "Gender_identity": {
      "n_total": 150.0,
      "n_ambig": 75.0,
      "n_disambig": 75.0,
      "accuracy_amb": 1.0,
      "accuracy_dis": 0.7866666666666666,
      "bias_score_dis": -0.33333333333333337,
      "false_abstention_rate": 0.16,
      "parse_fail_rate": 0.0
    },
    "Nationality": {
      "n_total": 150.0,
      "n_ambig": 75.0,
      "n_disambig": 75.0,
      "accuracy_amb": 1.0,
      "accuracy_dis": 0.8533333333333334,
      "bias_score_dis": 0.07692307692307687,
      "false_abstention_rate": 0.13333333333333333,
      "parse_fail_rate": 0.0
    },
    "Physical_appearance": {
      "n_total": 150.0,
      "n_ambig": 75.0,
      "n_disambig": 75.0,
      "accuracy_amb": 0.9866666666666667,
      "accuracy_dis": 0.7733333333333333,
      "bias_score_amb": 1.0,
      "bias_score_dis": 0.0,
      "false_abstention_rate": 0.17333333333333334,
      "parse_fail_rate": 0.0
    },
    "Race_ethnicity": {
      "n_total": 150.0,
      "n_ambig": 75.0,
      "n_disambig": 75.0,
      "accuracy_amb": 1.0,
      "accuracy_dis": 0.8933333333333333,
      "bias_score_dis": -0.2941176470588235,
      "false_abstention_rate": 0.09333333333333334,
      "parse_fail_rate": 0.0
    },
    "Religion": {
      "n_total": 150.0,
      "n_ambig": 75.0,
      "n_disambig": 75.0,
      "accuracy_amb": 0.9866666666666667,
      "accuracy_dis": 0.7733333333333333,
      "bias_score_amb": 1.0,
      "bias_score_dis": 0.1428571428571428,
      "false_abstention_rate": 0.16,
      "parse_fail_rate": 0.0
    },
    "SES": {
      "n_total": 150.0,
      "n_ambig": 75.0,
      "n_disambig": 75.0,
      "accuracy_amb": 0.9866666666666667,
      "accuracy_dis": 0.8133333333333334,
      "bias_score_amb": 1.0,
      "bias_score_dis": 0.11475409836065564,
      "false_abstention_rate": 0.18666666666666668,
      "parse_fail_rate": 0.0
    },
    "Sexual_orientation": {
      "n_total": 130.0,
      "n_ambig": 65.0,
      "n_disambig": 65.0,
      "accuracy_amb": 1.0,
      "accuracy_dis": 0.8153846153846154,
      "bias_score_dis": -0.05660377358490565,
      "false_abstention_rate": 0.18461538461538463,
      "parse_fail_rate": 0.0
    }
  },
  "checkpoint_path": "results/v2/cross_llm/qwen/multi_seed/seed_42/moe_best.pt"
}