{
  "seed": 456,
  "best_val_loss": 0.2416702527552843,
  "best_epoch": 15,
  "best_threshold": 0.775,
  "metrics": {
    "n_total": 1330.0,
    "n_ambig": 665.0,
    "n_disambig": 665.0,
    "accuracy_amb": 0.9864661654135338,
    "accuracy_dis": 0.8150375939849624,
    "bias_score_amb": 0.33333333333333326,
    "bias_score_dis": 0.02166064981949467,
    "false_abstention_rate": 0.16691729323308271,
    "parse_fail_rate": 0.0,
    "best_threshold_amb": 0.775,
    "best_threshold_dis": 0.05,
    "legacy_single_threshold": 0.3
  },
  "per_category": {
    "Age": {
      "n_total": 150.0,
      "n_ambig": 75.0,
      "n_disambig": 75.0,
      "accuracy_amb": 0.9866666666666667,
      "accuracy_dis": 0.9066666666666666,
      "bias_score_amb": 1.0,
      "bias_score_dis": -0.11764705882352944,
      "false_abstention_rate": 0.09333333333333334,
      "parse_fail_rate": 0.0
    },
    "Disability_status": {
      "n_total": 150.0,
      "n_ambig": 75.0,
      "n_disambig": 75.0,
      "accuracy_amb": 0.9733333333333334,
      "accuracy_dis": 0.7733333333333333,
      "bias_score_amb": 0.0,
      "bias_score_dis": 0.06666666666666665,
      "false_abstention_rate": 0.2,
      "parse_fail_rate": 0.0
    },
    "Gender_identity": {
      "n_total": 150.0,
      "n_ambig": 75.0,
      "n_disambig": 75.0,
      "accuracy_amb": 1.0,
      "accuracy_dis": 0.8266666666666667,
      "bias_score_dis": -0.23809523809523814,
      "false_abstention_rate": 0.16,
      "parse_fail_rate": 0.0
    },
    "Nationality": {
      "n_total": 150.0,
      "n_ambig": 75.0,
      "n_disambig": 75.0,
      "accuracy_amb": 0.9733333333333334,
      "accuracy_dis": 0.7866666666666666,
      "bias_score_amb": 0.0,
      "bias_score_dis": 0.16666666666666674,
      "false_abstention_rate": 0.2,
      "parse_fail_rate": 0.0
    },
    "Physical_appearance": {
      "n_total": 150.0,
      "n_ambig": 75.0,
      "n_disambig": 75.0,
      "accuracy_amb": 0.9733333333333334,
      "accuracy_dis": 0.7466666666666667,
      "bias_score_amb": 1.0,
      "bias_score_dis": 0.30000000000000004,
      "false_abstention_rate": 0.2,
      "parse_fail_rate": 0.0
    },
    "Race_ethnicity": {
      "n_total": 150.0,
      "n_ambig": 75.0,
      "n_disambig": 75.0,
      "accuracy_amb": 1.0,
      "accuracy_dis": 0.9066666666666666,
      "bias_score_dis": -0.04347826086956519,
      "false_abstention_rate": 0.08,
      "parse_fail_rate": 0.0
    },
    "Religion": {
      "n_total": 150.0,
      "n_ambig": 75.0,
      "n_disambig": 75.0,
      "accuracy_amb": 0.9866666666666667,
      "accuracy_dis": 0.76,
      "bias_score_amb": 1.0,
      "bias_score_dis": 0.1333333333333333,
      "false_abstention_rate": 0.2,
      "parse_fail_rate": 0.0
    },
    "SES": {
      "n_total": 150.0,
      "n_ambig": 75.0,
      "n_disambig": 75.0,
      "accuracy_amb": 1.0,
      "accuracy_dis": 0.8266666666666667,
      "bias_score_dis": 0.032258064516129004,
      "false_abstention_rate": 0.17333333333333334,
      "parse_fail_rate": 0.0
    },
    "Sexual_orientation": {
      "n_total": 130.0,
      "n_ambig": 65.0,
      "n_disambig": 65.0,
      "accuracy_amb": 0.9846153846153847,
      "accuracy_dis": 0.8,
      "bias_score_amb": -1.0,
      "bias_score_dis": -0.07692307692307687,
      "false_abstention_rate": 0.2,
      "parse_fail_rate": 0.0
    }
  },
  "checkpoint_path": "results/v2/cross_llm/qwen/multi_seed/seed_456/moe_best.pt"
}