category,n_total,accuracy_amb,accuracy_dis,bias_score_amb,bias_score_dis,false_abstention_rate
Age,50,0.0,1.0,0.0,0.0,0.0
Gender_identity,50,0.46153846153846156,0.6666666666666666,0.1428571428571428,0.09090909090909083,0.08333333333333333
Race_ethnicity,50,1.0,0.8333333333333334,,0.19999999999999996,0.16666666666666666
