{
  "moe_training": {
    "best_val_loss": 0.3690318747290543,
    "best_epoch": 20,
    "checkpoint_path": "results/v2/moe/main/moe_best.pt"
  },
  "evaluation": {
    "threshold": 0.4,
    "thresholds_per_condition": {
      "ambig": 0.95,
      "disambig": 0.05
    },
    "metrics": {
      "n_total": 1328,
      "n_ambig": 664,
      "n_disambig": 664,
      "accuracy_amb": 0.9909638554216867,
      "accuracy_dis": 0.8704819277108434,
      "bias_score_amb": 0.0,
      "bias_score_dis": 0.04418985270049092,
      "false_abstention_rate": 0.07981927710843373,
      "parse_fail_rate": 0.0
    },
    "metrics_single_tau": {
      "n_total": 1328,
      "n_ambig": 664,
      "n_disambig": 664,
      "accuracy_amb": 0.9427710843373494,
      "accuracy_dis": 0.8403614457831325,
      "bias_score_amb": 0.10526315789473695,
      "bias_score_dis": 0.04861111111111116,
      "false_abstention_rate": 0.13253012048192772,
      "parse_fail_rate": 0.0
    },
    "metrics_per_condition": {
      "n_total": 1328,
      "n_ambig": 664,
      "n_disambig": 664,
      "accuracy_amb": 0.9909638554216867,
      "accuracy_dis": 0.8704819277108434,
      "bias_score_amb": 0.0,
      "bias_score_dis": 0.04418985270049092,
      "false_abstention_rate": 0.07981927710843373,
      "parse_fail_rate": 0.0
    },
    "n_predictions": 1328,
    "per_condition_search": {
      "combined_score": 0.9294582392776524,
      "ambig_scores": {
        "0.050": 0.8386004514672686,
        "0.075": 0.8623024830699775,
        "0.100": 0.8747178329571106,
        "0.125": 0.8826185101580135,
        "0.150": 0.8961625282167043,
        "0.175": 0.9051918735891648,
        "0.200": 0.9119638826185101,
        "0.225": 0.9187358916478555,
        "0.250": 0.9232505643340858,
        "0.275": 0.927765237020316,
        "0.300": 0.9322799097065463,
        "0.325": 0.9367945823927766,
        "0.350": 0.9413092550790068,
        "0.375": 0.9492099322799097,
        "0.400": 0.9525959367945824,
        "0.425": 0.95372460496614,
        "0.450": 0.9559819413092551,
        "0.475": 0.9582392776523702,
        "0.500": 0.9627539503386005,
        "0.525": 0.9650112866817155,
        "0.550": 0.9661399548532731,
        "0.575": 0.9683972911963883,
        "0.600": 0.9683972911963883,
        "0.625": 0.9683972911963883,
        "0.650": 0.9751693002257337,
        "0.675": 0.9751693002257337,
        "0.700": 0.9785553047404063,
        "0.725": 0.981941309255079,
        "0.750": 0.9830699774266366,
        "0.775": 0.9830699774266366,
        "0.800": 0.9830699774266366,
        "0.825": 0.9841986455981941,
        "0.850": 0.9853273137697517,
        "0.875": 0.9887133182844243,
        "0.900": 0.9909706546275395,
        "0.925": 0.9932279909706546,
        "0.950": 0.9954853273137697
      },
      "disambig_scores": {
        "0.050": 0.863431151241535,
        "0.075": 0.8611738148984198,
        "0.100": 0.8589164785553047,
        "0.125": 0.8566591422121896,
        "0.150": 0.8532731376975169,
        "0.175": 0.8532731376975169,
        "0.200": 0.8532731376975169,
        "0.225": 0.8521444695259593,
        "0.250": 0.8498871331828443,
        "0.275": 0.8476297968397292,
        "0.300": 0.8465011286681715,
        "0.325": 0.8442437923250564,
        "0.350": 0.8442437923250564,
        "0.375": 0.8386004514672686,
        "0.400": 0.8340857787810384,
        "0.425": 0.8329571106094809,
        "0.450": 0.827313769751693,
        "0.475": 0.8261851015801355,
        "0.500": 0.8239277652370203,
        "0.525": 0.8194130925507901,
        "0.550": 0.8160270880361173,
        "0.575": 0.8126410835214447,
        "0.600": 0.8126410835214447,
        "0.625": 0.8103837471783296,
        "0.650": 0.8047404063205418,
        "0.675": 0.8002257336343115,
        "0.700": 0.7957110609480813,
        "0.725": 0.7878103837471784,
        "0.750": 0.7832957110609481,
        "0.775": 0.7765237020316027,
        "0.800": 0.7742663656884876,
        "0.825": 0.7697516930022573,
        "0.850": 0.7618510158013544,
        "0.875": 0.7483069977426636,
        "0.900": 0.7404063205417607,
        "0.925": 0.7302483069977427,
        "0.950": 0.6884875846501128
      }
    }
  },
  "ablation": {
    "signal": {
      "full_val_loss": 0.4088318159005472,
      "contributions": {
        "s1_evidence": {
          "delta_val_loss": 0.01625821287078516
        },
        "s2_counterfactual": {
          "delta_val_loss": -0.010201223992875652
        },
        "s3_confidence": {
          "delta_val_loss": 0.025630845821329518
        },
        "s4_consistency": {
          "delta_val_loss": 0.012548141181468964
        },
        "s5_bias_head": {
          "delta_val_loss": -0.002819091214665337
        },
        "s6_prompt_sensitivity": {
          "delta_val_loss": 0.11368973872491295
        },
        "s7_sae_feature": {
          "delta_val_loss": -0.003811142939542045
        }
      }
    },
    "cluster": {
      "k": [
        {
          "value": "1",
          "best_val_loss": 0.34891568230731146
        },
        {
          "value": "2",
          "best_val_loss": 0.4061084631830454
        },
        {
          "value": "4",
          "best_val_loss": 0.3799357669694083
        },
        {
          "value": "8",
          "best_val_loss": 0.37005639342325075
        }
      ],
      "taxonomy": [
        {
          "value": "default",
          "best_val_loss": 0.4179223853030375
        },
        {
          "value": "by_polarity",
          "best_val_loss": 0.3934060029153313
        },
        {
          "value": "flat_per_category",
          "best_val_loss": 0.45136300873543533
        }
      ]
    },
    "loco": {
      "aggregate": {
        "held_out_acc_amb": 0.9124444444444445,
        "held_out_acc_dis": 0.8524470899470901,
        "held_out_false_abstention": 0.09555555555555555,
        "held_out_bias_amb": 0.4205520600257442
      },
      "per_fold": {
        "Gender_identity": 0.952,
        "Race_ethnicity": 0.97,
        "Age": 0.886,
        "Religion": 0.892,
        "Disability_status": 0.87,
        "SES": 0.956,
        "Sexual_orientation": 0.8611111111111112
      }
    }
  }
}